IP,Detected,Suspicious,Engines_Detected,Country
152.89.196.211,11,2,N/A,
45.61.188.24,7,1,N/A,
176.65.137.5,21,1,N/A,
31.220.3.140,18,4,N/A,
23.225.180.180,14,2,N/A,
165.227.232.121,4,2,N/A,
35.216.130.245,4,0,N/A,
109.237.98.226,13,1,N/A,
94.102.61.10,10,0,N/A,
94.102.61.60,0,0,N/A,
218.145.61.20,9,2,N/A,
198.235.24.55,11,0,N/A,
85.31.44.156,6,0,N/A,
185.224.128.15,10,1,N/A,
210.13.110.60,9,1,N/A,
128.14.209.162,18,1,N/A,
85.31.44.178,3,2,N/A,
193.118.53.194,14,1,N/A,
45.148.121.63,13,0,N/A,
185.216.71.199,3,0,N/A,
221.153.8.5,9,3,N/A,
185.67.33.216,0,1,N/A,
59.187.205.166,7,0,N/A,
81.157.1.64,4,1,N/A,
198.235.24.44,9,1,N/A,
185.213.175.12,5,0,N/A,
103.40.172.189,9,1,N/A,
103.40.172.173,9,1,N/A,
205.210.31.178,9,1,N/A,
117.194.155.97,5,0,N/A,
93.177.103.215,5,0,N/A,
198.235.24.168,9,1,N/A,
205.210.31.177,10,1,N/A,
205.210.31.59,10,1,N/A,
125.41.6.85,5,0,N/A,
179.43.177.154,6,2,N/A,
110.10.193.201,1,1,N/A,
205.210.31.172,11,1,N/A,
93.48.238.80,3,1,N/A,
104.248.200.102,5,0,N/A,
198.235.24.174,10,1,N/A,
59.3.64.13,5,1,N/A,
185.67.33.200,0,1,N/A,
205.210.31.37,10,1,N/A,
94.102.61.23,6,2,N/A,
112.248.113.60,7,0,N/A,
179.43.154.151,5,1,N/A,
185.122.204.30,12,0,N/A,
117.214.208.174,0,0,N/A,
188.34.203.131,0,0,N/A,
198.235.24.59,10,1,N/A,
205.210.31.39,9,1,N/A,
205.210.31.12,11,1,N/A,
205.210.31.14,8,2,N/A,
198.235.24.35,11,1,N/A,
190.220.22.11,6,1,N/A,
14.56.196.217,5,2,N/A,
172.91.47.43,6,0,N/A,
139.144.188.184,5,1,N/A,
205.210.31.140,11,1,N/A,
205.210.31.53,10,1,N/A,
41.216.183.150,3,0,N/A,
23.224.186.75,7,0,N/A,
198.235.24.57,11,1,N/A,
198.235.24.33,11,0,N/A,
27.124.5.45,8,1,N/A,
194.99.104.58,2,0,N/A,
183.230.61.175,2,0,N/A,
109.237.97.180,10,3,N/A,
198.235.24.149,9,1,N/A,
205.210.31.133,9,1,N/A,
164.92.169.130,4,0,N/A,
59.127.66.195,4,1,N/A,
161.35.22.122,4,0,N/A,
93.149.152.113,1,0,N/A,
196.191.104.91,6,1,N/A,
87.251.75.120,3,3,N/A,
205.210.31.17,10,1,N/A,
185.67.33.209,1,1,N/A,
220.132.9.39,3,0,N/A,
205.210.31.29,9,2,N/A,
79.58.44.201,3,0,N/A,
179.51.148.167,1,0,N/A,
205.210.31.23,9,1,N/A,
198.235.24.31,11,0,N/A,
205.210.31.6,10,1,N/A,
41.216.183.132,4,1,N/A,
59.126.117.54,2,0,N/A,
88.200.225.92,3,1,N/A,
185.246.220.20,5,1,N/A,
117.201.197.131,4,0,N/A,
58.111.200.60,2,0,N/A,
78.28.236.172,2,0,N/A,
87.251.75.145,6,3,N/A,
65.124.192.170,2,0,N/A,
185.180.143.138,10,1,N/A,
162.216.17.252,1,0,N/A,
164.92.250.128,1,0,N/A,
195.170.172.29,1,0,N/A,
170.253.2.246,3,0,N/A,
185.23.192.31,5,0,N/A,
173.195.15.37,1,1,N/A,
14.0.17.219,0,0,N/A,
91.240.118.202,0,1,N/A,
31.223.20.68,3,0,N/A,
188.119.51.126,6,2,N/A,
173.245.203.9,3,1,N/A,
158.140.40.77,0,0,N/A,
120.86.255.103,1,0,N/A,
147.135.137.107,1,0,N/A,
167.71.127.241,1,0,N/A,
200.168.155.33,2,0,N/A,
164.92.205.100,1,0,N/A,
50.21.179.195,1,0,N/A,
222.127.158.124,6,1,N/A,
203.204.251.109,1,0,N/A,
188.166.79.4,1,0,N/A,
95.9.39.205,1,0,N/A,
42.231.245.75,1,0,N/A,
59.127.105.97,4,2,N/A,
120.85.93.161,1,0,N/A,
120.85.115.81,2,0,N/A,
185.67.33.199,0,1,N/A,
20.96.108.57,1,0,N/A,
185.136.206.114,0,0,N/A,
185.254.239.10,0,0,N/A,
185.254.239.11,0,0,N/A,
62.0.58.94,12,0,N/A,
91.93.234.53,0,0,N/A,
183.178.112.58,1,0,N/A,
198.144.159.22,5,1,N/A,
198.144.159.110,2,1,N/A,
198.144.159.129,3,1,N/A,
94.102.61.38,10,1,N/A,
94.102.61.49,9,1,N/A,
94.102.61.47,11,2,N/A,
185.67.33.193,0,1,N/A,
199.59.243.222,1,0,N/A,
94.102.61.41,9,1,N/A,
94.102.61.53,11,2,N/A,
94.102.61.2,9,2,N/A,
80.85.156.184,10,0,N/A,
89.248.168.226,8,1,N/A,
104.152.52.156,11,0,N/A,
94.102.61.39,9,0,N/A,
94.102.61.3,9,1,N/A,
94.102.61.6,9,2,N/A,
91.210.107.80,11,1,N/A,
211.137.207.163,8,0,N/A,
92.63.197.110,8,0,N/A,
92.63.197.97,11,1,N/A,
5.255.104.237,1,1,N/A,
5.255.101.30,0,1,N/A,
195.178.120.44,18,2,N/A,
175.107.13.8,3,1,N/A,
152.89.196.54,14,3,N/A,
45.81.243.34,18,2,N/A,
31.41.244.253,16,0,N/A,
185.67.33.207,0,1,N/A,
120.24.182.248,5,1,N/A,
91.218.115.137,6,0,N/A,
94.102.61.40,9,1,N/A,
185.67.33.244,0,0,N/A,
103.76.128.113,0,0,N/A,
94.102.61.45,9,2,N/A,
185.67.33.232,0,0,N/A,
92.63.196.134,11,1,N/A,
216.250.247.198,4,0,N/A,
194.67.205.136,4,1,N/A,
149.202.121.4,8,1,N/A,
167.71.151.22,10,1,N/A,
36.110.228.254,15,1,N/A,
59.49.43.217,9,1,N/A,
139.59.107.179,13,1,N/A,
146.88.240.4,16,1,N/A,
121.199.53.207,4,0,N/A,
172.105.77.209,13,1,N/A,
194.110.203.222,1,1,N/A,
103.116.38.108,1,0,N/A,
65.49.20.106,14,1,N/A,
103.164.63.216,6,2,N/A,
51.91.103.157,0,0,N/A,
113.67.125.20,5,1,N/A,
107.170.227.31,6,2,N/A,
141.98.11.105,11,2,N/A,
217.133.205.199,7,1,N/A,
183.136.225.5,13,1,N/A,
103.156.205.10,3,2,N/A,
193.193.71.130,8,1,N/A,
85.95.245.50,11,0,N/A,
211.248.12.99,18,1,N/A,
211.196.120.196,17,1,N/A,
132.148.76.25,7,2,N/A,
192.3.136.82,5,2,N/A,
103.117.92.220,9,3,N/A,
67.205.176.135,14,2,N/A,
94.102.61.28,13,1,N/A,
192.241.198.8,11,1,N/A,
151.115.78.164,0,1,N/A,
178.62.237.183,10,1,N/A,
85.67.98.102,0,0,N/A,
154.125.11.202,4,0,N/A,
147.203.255.20,8,1,N/A,
2.136.24.95,0,0,N/A,
65.133.174.90,0,0,N/A,
193.3.19.44,6,1,N/A,
49.88.112.109,3,3,N/A,
141.98.11.185,11,2,N/A,
61.117.173.45,0,0,N/A,
193.142.146.142,7,1,N/A,
103.155.82.29,5,2,N/A,
43.133.102.2,12,1,N/A,
121.175.69.5,8,2,N/A,
170.64.162.106,6,2,N/A,
89.248.165.226,10,0,N/A,
185.233.19.19,11,1,N/A,
79.120.187.6,4,1,N/A,
46.99.158.235,5,1,N/A,
168.167.72.228,14,1,N/A,
164.160.147.65,8,2,N/A,
79.124.62.78,12,1,N/A,
170.64.162.97,7,2,N/A,
45.56.82.125,0,0,N/A,
107.170.238.7,9,1,N/A,
170.64.178.201,8,2,N/A,
170.64.180.183,6,4,N/A,
41.231.106.9,11,1,N/A,
89.248.163.219,8,2,N/A,
133.18.197.39,11,2,N/A,
61.219.165.218,1,0,N/A,
61.177.173.62,5,1,N/A,
185.224.128.109,17,3,N/A,
162.243.47.195,7,1,N/A,
125.140.246.14,16,2,N/A,
79.124.62.130,14,0,N/A,
68.178.163.67,10,1,N/A,
181.13.218.29,13,0,N/A,
74.82.47.40,10,1,N/A,
58.65.171.162,12,1,N/A,
28.132.109.105,0,0,N/A,
23.95.4.194,11,1,N/A,
193.201.9.180,4,2,N/A,
220.77.4.105,16,1,N/A,
198.199.106.111,12,2,N/A,
45.91.171.169,10,0,N/A,
201.82.41.56,7,1,N/A,
211.105.146.122,11,2,N/A,
168.149.50.121,0,0,N/A,
79.124.62.82,11,0,N/A,
92.255.98.18,1,1,N/A,
62.204.41.127,2,2,N/A,
222.181.11.247,0,0,N/A,
122.226.89.18,3,0,N/A,
120.48.82.205,6,2,N/A,
118.36.69.40,16,1,N/A,
188.121.106.113,6,1,N/A,
47.52.28.64,7,1,N/A,
198.235.24.195,8,0,N/A,
31.39.234.242,6,2,N/A,
178.239.197.194,4,1,N/A,
88.249.200.57,0,0,N/A,
195.133.20.241,3,2,N/A,
133.186.244.58,3,1,N/A,
46.93.201.51,0,0,N/A,
103.133.111.214,8,1,N/A,
107.170.253.7,11,1,N/A,
144.126.226.106,11,4,N/A,
118.26.104.196,3,0,N/A,
180.76.190.40,0,1,N/A,
104.248.143.84,11,1,N/A,
103.203.57.22,9,1,N/A,
191.80.249.106,5,0,N/A,
103.151.122.85,4,1,N/A,
119.246.226.42,6,2,N/A,
180.174.216.34,3,2,N/A,
64.227.177.54,11,1,N/A,
68.183.233.251,8,1,N/A,
206.189.109.76,7,1,N/A,
198.199.117.72,10,1,N/A,
192.210.221.246,5,1,N/A,
153.126.190.254,4,2,N/A,
212.41.26.16,6,2,N/A,
193.163.128.33,0,0,N/A,
94.102.50.103,10,1,N/A,
201.54.241.37,5,0,N/A,
43.201.72.238,3,1,N/A,
134.209.231.106,9,2,N/A,
154.119.7.3,7,1,N/A,
149.129.220.222,9,1,N/A,
205.210.31.86,12,0,N/A,
118.123.105.90,14,0,N/A,
1.168.249.82,0,0,N/A,
71.6.233.68,2,0,N/A,
200.229.80.61,6,0,N/A,
117.194.168.252,9,0,N/A,
121.187.229.137,18,1,N/A,
198.235.24.201,11,0,N/A,
118.119.254.75,6,1,N/A,
198.235.24.203,6,1,N/A,
198.235.24.232,8,1,N/A,
192.241.211.12,14,1,N/A,
109.98.218.12,3,1,N/A,
85.105.174.16,10,1,N/A,
14.99.37.242,6,2,N/A,
185.217.1.246,12,2,N/A,
110.255.133.185,8,1,N/A,
57.128.140.26,12,1,N/A,
194.165.16.73,10,2,N/A,
116.98.167.167,8,2,N/A,
121.157.62.245,8,1,N/A,
172.86.121.246,0,0,N/A,
103.143.209.251,9,1,N/A,
205.210.31.230,8,1,N/A,
152.32.133.183,10,2,N/A,
45.15.159.250,10,1,N/A,
175.178.62.19,12,1,N/A,
113.119.180.124,1,0,N/A,
157.230.117.152,1,0,N/A,
208.100.26.241,9,0,N/A,
34.224.102.247,6,2,N/A,
179.43.142.241,15,1,N/A,
150.158.24.146,9,1,N/A,
95.111.237.5,13,1,N/A,
69.176.91.111,7,2,N/A,
121.191.58.240,8,1,N/A,
146.190.166.168,10,0,N/A,
121.185.200.210,13,1,N/A,
46.100.60.154,7,1,N/A,
50.125.94.122,7,2,N/A,
193.163.125.247,5,1,N/A,
200.119.152.68,0,0,N/A,
102.113.252.37,0,0,N/A,
36.93.45.2,4,1,N/A,
152.32.225.245,9,2,N/A,
139.59.37.187,15,0,N/A,
175.178.48.88,10,1,N/A,
95.189.78.131,11,1,N/A,
34.141.105.115,6,1,N/A,
35.233.62.116,8,2,N/A,
175.215.39.48,10,1,N/A,
222.118.223.15,12,1,N/A,
34.168.3.158,1,0,N/A,
107.170.236.18,11,2,N/A,
106.52.198.93,4,2,N/A,
71.6.134.230,12,0,N/A,
198.235.24.222,11,0,N/A,
136.228.167.31,0,0,N/A,
61.72.157.187,17,1,N/A,
202.44.224.165,3,2,N/A,
162.142.125.140,8,1,N/A,
190.216.234.14,4,1,N/A,
64.227.126.135,12,1,N/A,
104.131.1.32,14,1,N/A,
83.150.215.253,12,1,N/A,
200.40.135.68,1,0,N/A,
200.40.135.75,4,1,N/A,
162.142.125.132,6,1,N/A,
14.34.228.69,17,2,N/A,
187.201.141.255,0,0,N/A,
192.81.132.244,0,0,N/A,
185.243.181.133,1,0,N/A,
39.61.101.239,0,0,N/A,
188.48.237.229,0,0,N/A,
193.35.18.169,23,2,N/A,
111.243.150.34,0,0,N/A,
167.248.133.142,11,1,N/A,
188.170.199.233,0,0,N/A,
198.254.80.99,1,0,N/A,
193.35.18.197,18,1,N/A,
113.9.123.84,7,1,N/A,
219.152.167.205,6,1,N/A,
5.188.206.18,6,3,N/A,
222.186.13.133,9,0,N/A,
120.199.82.50,9,2,N/A,
45.12.147.2,17,0,N/A,
150.109.244.88,13,1,N/A,
27.3.93.136,0,0,N/A,
64.62.197.239,9,1,N/A,
192.241.207.16,8,2,N/A,
159.203.208.12,10,1,N/A,
99.108.98.253,6,1,N/A,
220.89.127.53,16,2,N/A,
122.118.156.122,0,0,N/A,
61.224.108.236,0,0,N/A,
77.81.76.79,6,0,N/A,
47.243.102.151,0,0,N/A,
162.243.144.9,11,2,N/A,
205.210.31.158,10,1,N/A,
213.194.169.196,8,1,N/A,
223.96.91.241,12,2,N/A,
92.222.172.26,11,1,N/A,
79.140.228.35,0,0,N/A,
123.240.161.177,9,1,N/A,
152.32.228.20,12,2,N/A,
59.47.112.161,10,1,N/A,
39.46.49.34,1,0,N/A,
117.62.22.155,12,2,N/A,
89.144.19.146,11,1,N/A,
38.132.109.172,5,1,N/A,
167.71.14.234,0,0,N/A,
113.200.72.199,0,0,N/A,
123.125.34.248,9,0,N/A,
103.38.236.222,0,0,N/A,
14.44.1.76,16,1,N/A,
185.195.27.125,5,0,N/A,
89.252.140.220,6,1,N/A,
89.223.109.90,1,0,N/A,
64.62.197.232,11,1,N/A,
59.2.52.122,18,2,N/A,
191.202.164.66,0,0,N/A,
162.243.129.8,13,1,N/A,
195.175.179.154,0,0,N/A,
62.171.145.15,6,1,N/A,
159.89.89.195,12,1,N/A,
81.68.102.224,11,1,N/A,
118.34.117.189,15,1,N/A,
116.110.92.156,7,3,N/A,
191.255.95.53,5,2,N/A,
220.118.225.128,17,1,N/A,
123.193.214.66,9,1,N/A,
149.202.74.37,13,3,N/A,
185.217.241.82,8,1,N/A,
114.29.226.133,0,0,N/A,
190.43.249.155,6,2,N/A,
189.201.193.172,5,0,N/A,
185.155.17.245,9,1,N/A,
42.96.2.68,0,0,N/A,
103.122.65.58,1,0,N/A,
2.229.130.228,10,1,N/A,
114.35.52.89,9,1,N/A,
93.123.16.174,10,1,N/A,
41.220.30.133,6,0,N/A,
101.43.21.125,13,2,N/A,
87.236.176.132,9,2,N/A,
91.199.166.69,0,0,N/A,
134.209.254.251,17,1,N/A,
103.130.145.131,0,0,N/A,
79.124.60.6,10,2,N/A,
185.165.190.17,14,1,N/A,
170.187.163.133,9,0,N/A,
205.210.31.102,11,2,N/A,
23.251.90.183,7,2,N/A,
183.17.228.9,1,0,N/A,
189.4.150.150,7,1,N/A,
91.191.209.198,15,2,N/A,
113.194.88.119,4,2,N/A,
192.241.199.47,8,1,N/A,
205.210.31.152,9,1,N/A,
73.227.156.237,0,0,N/A,
223.83.234.197,1,0,N/A,
162.243.130.19,11,1,N/A,
61.135.126.42,10,1,N/A,
216.218.206.122,6,2,N/A,
216.218.206.98,6,1,N/A,
174.96.50.187,12,1,N/A,
47.108.141.84,5,1,N/A,
155.94.178.87,3,1,N/A,
162.216.149.63,8,1,N/A,
190.216.129.131,13,1,N/A,
43.249.35.70,9,2,N/A,
78.189.16.5,7,1,N/A,
114.32.231.117,11,1,N/A,
178.27.184.190,5,2,N/A,
87.236.176.141,11,1,N/A,
87.236.176.111,9,3,N/A,
87.236.176.134,8,1,N/A,
87.236.176.140,9,2,N/A,
87.236.176.113,10,2,N/A,
87.236.176.143,5,1,N/A,
87.236.176.138,8,2,N/A,
87.236.176.127,9,2,N/A,
198.235.24.51,9,1,N/A,
54.173.179.158,0,0,N/A,
162.243.132.8,10,2,N/A,
123.18.118.250,0,0,N/A,
57.128.11.39,10,1,N/A,
62.113.114.94,3,2,N/A,
194.165.16.76,9,3,N/A,
79.23.244.62,6,1,N/A,
27.150.190.96,12,0,N/A,
92.204.174.142,12,1,N/A,
124.41.240.199,1,0,N/A,
71.6.231.186,9,1,N/A,
114.40.161.63,0,0,N/A,
103.146.22.175,2,0,N/A,
124.223.21.216,8,2,N/A,
59.41.68.93,1,2,N/A,
185.122.201.229,8,1,N/A,
124.82.172.63,6,2,N/A,
220.243.147.157,3,0,N/A,
198.199.76.233,19,1,N/A,
210.95.97.86,12,3,N/A,
193.163.125.236,2,0,N/A,
211.222.108.240,10,1,N/A,
54.37.235.108,13,2,N/A,
201.186.40.158,10,1,N/A,
14.29.218.130,9,1,N/A,
124.78.11.249,0,0,N/A,
87.236.176.181,8,2,N/A,
185.239.84.176,9,1,N/A,
185.200.116.68,4,1,N/A,
198.235.24.99,7,0,N/A,
107.170.247.23,10,1,N/A,
134.17.16.201,8,1,N/A,
198.235.24.194,10,1,N/A,
167.99.112.43,9,1,N/A,
143.198.196.122,13,1,N/A,
205.210.31.199,8,1,N/A,
205.210.31.99,9,1,N/A,
198.235.24.56,12,1,N/A,
211.105.223.79,11,0,N/A,
116.110.117.207,3,2,N/A,
198.235.24.38,10,1,N/A,
117.240.61.130,1,0,N/A,
171.236.179.242,1,0,N/A,
209.141.60.92,11,2,N/A,
43.143.47.12,12,1,N/A,
124.230.167.28,8,1,N/A,
221.145.250.221,8,2,N/A,
23.239.65.98,6,0,N/A,
110.77.223.119,11,1,N/A,
14.56.171.143,12,2,N/A,
182.16.249.18,14,2,N/A,
187.103.80.29,0,1,N/A,
198.235.24.248,8,0,N/A,
103.52.153.114,8,2,N/A,
34.82.7.20,2,0,N/A,
104.199.31.214,10,2,N/A,
35.227.159.60,1,0,N/A,
35.195.93.98,10,1,N/A,
119.206.59.5,12,1,N/A,
41.93.71.72,1,2,N/A,
193.163.125.234,3,0,N/A,
61.218.135.141,1,0,N/A,
123.60.37.189,6,2,N/A,
186.123.166.19,9,1,N/A,
119.203.162.68,8,1,N/A,
46.39.246.232,0,0,N/A,
121.185.234.165,12,1,N/A,
180.76.175.38,5,2,N/A,
27.1.114.26,3,2,N/A,
150.95.111.117,9,1,N/A,
60.48.65.117,10,1,N/A,
51.195.90.237,6,2,N/A,
185.161.248.87,12,1,N/A,
120.48.120.83,10,1,N/A,
178.128.108.25,11,1,N/A,
43.136.32.202,11,1,N/A,
85.208.136.203,13,2,N/A,
190.85.134.194,4,1,N/A,
65.109.154.243,2,1,N/A,
210.183.84.152,9,1,N/A,
201.68.215.31,8,1,N/A,
103.143.208.139,1,1,N/A,
86.48.2.18,2,1,N/A,
194.186.187.54,10,1,N/A,
186.237.14.239,6,1,N/A,
207.244.82.219,2,2,N/A,
119.253.93.129,2,2,N/A,
220.134.12.214,11,1,N/A,
106.225.193.35,13,2,N/A,
121.130.91.54,18,2,N/A,
103.239.221.171,3,1,N/A,
91.223.169.88,12,0,N/A,
167.94.146.74,6,1,N/A,
103.239.221.151,2,1,N/A,
103.239.221.254,1,1,N/A,
103.239.221.152,2,1,N/A,
103.239.221.252,0,1,N/A,
103.239.221.142,2,1,N/A,
103.239.221.219,3,1,N/A,
103.239.221.235,1,1,N/A,
103.239.221.143,2,1,N/A,
103.239.221.234,5,1,N/A,
103.239.221.140,1,1,N/A,
103.239.221.209,0,0,N/A,
46.101.226.23,13,1,N/A,
130.61.74.125,9,1,N/A,
5.10.250.122,14,0,N/A,
8.219.232.199,13,1,N/A,
72.90.84.59,11,1,N/A,
157.7.71.28,0,0,N/A,
178.72.101.234,12,1,N/A,
121.199.56.253,7,1,N/A,
16.16.149.127,2,2,N/A,
211.220.51.155,15,1,N/A,
144.255.16.41,0,0,N/A,
104.131.128.21,10,1,N/A,
64.62.197.200,10,1,N/A,
197.254.63.98,7,1,N/A,
175.8.160.175,7,1,N/A,
45.227.254.49,10,1,N/A,
185.200.118.54,7,1,N/A,
221.141.197.212,11,2,N/A,
184.105.139.107,5,1,N/A,
184.105.139.103,5,1,N/A,
180.15.126.112,0,0,N/A,
114.177.77.0,0,0,N/A,
218.108.150.235,1,0,N/A,
46.139.127.178,10,1,N/A,
104.152.52.14,8,1,N/A,
43.153.34.40,11,3,N/A,
107.170.241.17,11,1,N/A,
202.181.234.11,1,0,N/A,
202.181.234.199,8,1,N/A,
191.55.1.182,0,0,N/A,
64.62.197.183,10,1,N/A,
78.188.187.119,0,0,N/A,
212.210.69.242,0,0,N/A,
198.199.112.107,11,2,N/A,
51.79.153.90,0,1,N/A,
120.48.122.208,10,1,N/A,
125.132.190.251,8,1,N/A,
65.60.27.251,4,2,N/A,
114.35.150.12,6,1,N/A,
124.223.56.85,6,1,N/A,
125.139.60.143,14,3,N/A,
212.113.116.159,8,0,N/A,
43.154.200.207,0,0,N/A,
180.214.239.113,13,2,N/A,
187.131.157.234,2,1,N/A,
20.25.188.238,0,0,N/A,
58.136.162.223,3,0,N/A,
23.95.164.237,14,2,N/A,
61.57.118.54,8,1,N/A,
201.170.249.86,0,0,N/A,
111.225.222.47,12,1,N/A,
5.160.88.54,7,1,N/A,
176.112.129.164,14,1,N/A,
220.246.79.101,6,1,N/A,
40.126.32.67,0,0,N/A,
47.92.126.16,2,1,N/A,
192.241.206.11,9,2,N/A,
194.187.178.59,3,0,N/A,
194.88.60.175,12,1,N/A,
103.237.144.204,13,3,N/A,
205.210.31.138,8,1,N/A,
5.159.55.243,2,0,N/A,
1.172.170.165,0,0,N/A,
65.108.87.136,6,2,N/A,
157.7.90.51,1,0,N/A,
103.150.31.22,0,0,N/A,
122.2.16.227,7,1,N/A,
41.33.67.115,2,0,N/A,
185.161.248.207,4,2,N/A,
143.42.1.84,8,0,N/A,
78.186.143.48,0,0,N/A,
94.182.88.214,2,1,N/A,
187.75.74.33,3,2,N/A,
95.70.188.165,0,0,N/A,
141.98.10.74,5,1,N/A,
179.93.35.75,8,2,N/A,
82.64.52.74,11,2,N/A,
122.39.121.67,7,2,N/A,
115.135.171.231,0,0,N/A,
198.235.24.169,10,2,N/A,
183.105.236.95,11,1,N/A,
177.23.140.60,10,2,N/A,
114.116.33.230,0,0,N/A,
125.130.179.216,17,1,N/A,
180.210.178.154,5,1,N/A,
37.150.218.68,4,2,N/A,
114.207.104.104,11,2,N/A,
43.134.227.73,10,2,N/A,
181.119.66.30,1,1,N/A,
180.156.241.151,0,0,N/A,
61.169.20.154,0,0,N/A,
121.141.32.164,16,1,N/A,
118.161.206.190,4,1,N/A,
167.248.133.33,11,2,N/A,
185.94.29.58,2,1,N/A,
45.142.122.97,10,1,N/A,
198.235.24.253,11,2,N/A,
185.200.118.48,6,1,N/A,
198.235.24.202,6,1,N/A,
3.235.24.6,0,0,N/A,
61.75.107.16,13,1,N/A,
167.248.133.35,8,2,N/A,
167.248.133.143,12,1,N/A,
79.124.56.102,10,1,N/A,
198.199.104.14,11,1,N/A,
188.252.196.28,0,0,N/A,
153.198.49.34,2,2,N/A,
175.178.40.24,11,1,N/A,
117.88.69.107,11,1,N/A,
175.197.109.68,8,1,N/A,
179.43.163.132,16,1,N/A,
114.24.70.4,0,0,N/A,
39.56.212.134,0,0,N/A,
198.199.102.86,9,1,N/A,
185.233.19.68,12,1,N/A,
210.56.49.126,7,2,N/A,
198.235.24.224,10,2,N/A,
205.210.31.106,9,1,N/A,
104.236.128.18,10,2,N/A,
5.180.106.115,0,0,N/A,
167.94.138.103,12,1,N/A,
208.163.34.67,5,0,N/A,
72.27.33.77,0,0,N/A,
205.210.31.225,10,0,N/A,
123.26.205.153,0,0,N/A,
175.138.31.41,8,2,N/A,
116.105.223.26,2,2,N/A,
186.123.164.12,14,1,N/A,
103.25.15.102,6,1,N/A,
61.80.248.114,13,1,N/A,
198.235.24.97,6,1,N/A,
76.138.21.247,7,2,N/A,
35.240.121.17,12,2,N/A,
34.79.1.26,0,0,N/A,
103.169.34.178,0,0,N/A,
35.234.62.26,9,1,N/A,
104.131.144.10,9,2,N/A,
172.96.14.68,1,0,N/A,
213.227.151.108,6,1,N/A,
43.142.145.239,2,1,N/A,
134.175.182.3,12,2,N/A,
174.138.26.243,11,2,N/A,
43.159.56.183,13,1,N/A,
167.94.145.84,8,1,N/A,
125.228.169.49,10,1,N/A,
218.92.0.61,6,2,N/A,
192.241.214.12,12,1,N/A,
203.154.33.235,5,1,N/A,
152.32.129.53,11,1,N/A,
180.129.152.181,0,0,N/A,
202.77.122.96,0,0,N/A,
162.216.150.87,6,1,N/A,
192.241.206.14,11,1,N/A,
82.157.27.246,15,1,N/A,
200.158.19.198,4,2,N/A,
201.252.232.249,3,0,N/A,
217.195.197.133,2,1,N/A,
47.236.19.114,13,1,N/A,
177.85.136.103,2,1,N/A,
194.135.236.210,1,0,N/A,
182.116.199.145,6,1,N/A,
78.169.192.175,0,0,N/A,
83.238.162.250,6,2,N/A,
211.227.213.124,13,1,N/A,
102.114.89.156,3,1,N/A,
125.215.227.60,0,0,N/A,
221.145.209.23,12,2,N/A,
13.215.190.95,7,1,N/A,
113.203.217.2,0,0,N/A,
59.26.167.234,9,2,N/A,
103.67.163.11,0,0,N/A,
183.56.229.134,2,0,N/A,
190.154.66.235,10,1,N/A,
162.216.149.204,5,1,N/A,
113.92.223.210,0,0,N/A,
23.224.98.194,11,2,N/A,
88.214.26.53,13,1,N/A,
64.226.116.164,8,1,N/A,
27.35.93.241,9,1,N/A,
218.156.229.43,11,1,N/A,
154.17.3.20,3,2,N/A,
38.132.109.178,5,1,N/A,
124.222.35.191,11,1,N/A,
3.73.48.198,0,0,N/A,
218.150.194.241,14,1,N/A,
185.44.76.228,8,1,N/A,
162.142.125.129,5,1,N/A,
51.222.137.64,13,2,N/A,
152.67.110.98,0,0,N/A,
150.230.132.75,8,1,N/A,
139.59.190.133,4,2,N/A,
128.199.8.245,1,0,N/A,
104.156.149.117,0,0,N/A,
45.168.176.36,12,1,N/A,
79.137.196.4,20,2,N/A,
190.186.91.129,0,0,N/A,
192.241.203.4,11,1,N/A,
66.240.192.138,11,1,N/A,
123.244.28.66,12,1,N/A,
185.233.19.75,11,1,N/A,
36.90.78.12,0,0,N/A,
59.5.9.161,15,1,N/A,
94.131.118.115,13,2,N/A,
221.216.40.40,3,2,N/A,
142.93.113.139,16,2,N/A,
112.30.127.189,5,2,N/A,
8.142.0.57,4,3,N/A,
62.173.41.18,6,0,N/A,
147.182.233.176,4,1,N/A,
188.30.117.104,0,0,N/A,
14.43.128.6,17,2,N/A,
198.199.81.5,13,1,N/A,
45.227.253.108,12,0,N/A,
157.7.216.227,6,1,N/A,
88.225.212.135,1,0,N/A,
195.230.103.249,9,0,N/A,
45.95.146.26,18,3,N/A,
85.234.128.169,2,1,N/A,
132.247.153.166,4,0,N/A,
120.48.34.173,9,2,N/A,
45.55.0.14,12,1,N/A,
192.241.214.22,11,1,N/A,
86.154.247.8,10,1,N/A,
136.34.26.89,10,1,N/A,
95.84.66.169,10,1,N/A,
36.91.178.178,11,1,N/A,
192.241.238.18,11,1,N/A,
198.235.24.95,9,1,N/A,
37.233.12.58,6,1,N/A,
179.126.76.246,2,1,N/A,
103.240.90.205,0,0,N/A,
114.34.196.124,13,2,N/A,
45.76.218.192,0,0,N/A,
82.98.163.34,8,1,N/A,
91.240.60.233,9,1,N/A,
159.89.108.180,11,1,N/A,
82.129.224.250,7,1,N/A,
120.92.164.62,0,0,N/A,
107.170.243.24,10,2,N/A,
165.22.226.133,12,0,N/A,
185.233.19.113,11,1,N/A,
107.170.235.13,12,1,N/A,
198.235.24.71,8,1,N/A,
223.177.187.237,0,0,N/A,
63.252.132.12,6,1,N/A,
65.254.93.157,6,2,N/A,
20.69.43.135,0,0,N/A,
188.162.195.41,0,0,N/A,
123.52.26.11,0,0,N/A,
103.125.161.151,0,0,N/A,
27.151.1.54,13,1,N/A,
45.50.7.86,8,1,N/A,
118.151.209.226,10,1,N/A,
185.242.235.129,5,1,N/A,
175.194.219.239,18,2,N/A,
78.128.113.34,4,2,N/A,
151.50.131.35,4,2,N/A,
52.191.219.104,0,0,N/A,
211.221.42.23,12,2,N/A,
47.101.209.66,10,1,N/A,
205.210.31.251,8,1,N/A,
159.138.230.142,6,2,N/A,
218.147.235.177,18,1,N/A,
198.235.24.104,10,1,N/A,
167.71.204.52,12,1,N/A,
203.145.142.86,5,2,N/A,
94.127.214.136,8,1,N/A,
110.157.232.46,9,1,N/A,
121.152.247.156,15,1,N/A,
196.216.59.118,2,3,N/A,
121.4.243.81,12,1,N/A,
119.203.36.32,8,2,N/A,
45.79.67.140,7,1,N/A,
198.235.24.208,6,1,N/A,
64.62.197.179,9,1,N/A,
4.227.140.11,8,2,N/A,
121.181.51.34,12,1,N/A,
176.96.138.216,13,1,N/A,
222.186.21.35,15,2,N/A,
194.170.189.196,6,1,N/A,
193.163.125.248,3,0,N/A,
124.223.219.144,8,2,N/A,
167.94.145.81,6,1,N/A,
82.157.63.43,6,2,N/A,
200.153.151.252,0,0,N/A,
45.94.43.6,12,1,N/A,
167.94.138.97,5,2,N/A,
167.94.138.125,11,2,N/A,
203.176.134.98,6,1,N/A,
38.132.109.122,3,1,N/A,
198.199.118.141,12,1,N/A,
188.162.171.155,0,0,N/A,
2.192.226.39,0,0,N/A,
97.105.69.132,10,1,N/A,
14.238.239.77,0,0,N/A,
112.162.160.222,10,2,N/A,
42.192.56.129,8,2,N/A,
184.105.139.104,5,1,N/A,
184.105.139.120,4,2,N/A,
64.62.197.63,8,1,N/A,
5.34.182.146,3,0,N/A,
96.246.234.60,1,0,N/A,
81.12.116.147,7,1,N/A,
59.29.145.37,17,1,N/A,
82.80.181.19,7,2,N/A,
103.176.146.237,0,0,N/A,
193.3.19.72,8,1,N/A,
128.199.68.105,5,0,N/A,
103.45.97.171,7,1,N/A,
119.92.65.179,6,1,N/A,
178.128.43.209,10,3,N/A,
154.91.84.169,0,0,N/A,
198.235.24.154,9,1,N/A,
34.81.90.11,0,1,N/A,
111.67.205.226,8,1,N/A,
34.143.165.72,9,1,N/A,
205.210.31.220,9,0,N/A,
117.247.69.9,7,1,N/A,
111.67.194.241,11,1,N/A,
34.107.24.174,5,1,N/A,
186.158.9.17,9,1,N/A,
103.137.89.38,9,1,N/A,
14.116.214.218,11,1,N/A,
86.94.172.150,1,0,N/A,
121.78.147.242,5,2,N/A,
198.235.24.93,8,0,N/A,
192.241.219.20,12,1,N/A,
185.234.216.132,5,2,N/A,
103.67.198.236,2,1,N/A,
41.191.195.124,10,2,N/A,
211.184.223.104,7,2,N/A,
115.150.209.43,0,0,N/A,
106.5.172.29,0,0,N/A,
115.150.211.14,0,0,N/A,
115.150.208.232,0,0,N/A,
115.150.210.174,0,0,N/A,
115.150.210.219,0,0,N/A,
115.150.208.82,0,0,N/A,
115.150.211.107,0,0,N/A,
59.63.151.178,0,0,N/A,
115.150.210.221,0,0,N/A,
115.150.210.186,0,0,N/A,
115.150.208.185,0,0,N/A,
115.150.210.224,0,0,N/A,
115.150.210.108,0,0,N/A,
115.150.209.121,0,0,N/A,
115.150.208.248,0,0,N/A,
59.17.192.243,17,1,N/A,
115.150.208.184,0,0,N/A,
115.150.209.128,0,0,N/A,
115.150.208.136,0,0,N/A,
115.150.209.208,0,0,N/A,
115.150.210.254,0,0,N/A,
182.103.25.8,0,0,N/A,
115.150.210.141,0,0,N/A,
115.150.209.234,0,0,N/A,
115.150.209.125,0,0,N/A,
115.150.210.235,0,0,N/A,
115.150.209.179,0,0,N/A,
115.150.209.226,0,0,N/A,
115.150.208.241,0,0,N/A,
59.63.150.132,0,0,N/A,
115.150.211.216,0,0,N/A,
115.150.209.247,0,0,N/A,
115.150.209.89,0,0,N/A,
104.152.52.144,11,1,N/A,
139.135.57.38,0,0,N/A,
115.150.209.248,0,0,N/A,
81.16.2.160,0,0,N/A,
205.210.31.97,11,2,N/A,
115.150.209.237,0,0,N/A,
193.163.125.219,1,1,N/A,
111.76.16.40,0,0,N/A,
188.163.15.199,0,0,N/A,
186.121.253.141,6,1,N/A,
167.94.138.99,9,1,N/A,
47.88.92.120,11,1,N/A,
210.113.132.4,12,2,N/A,
188.52.2.155,0,0,N/A,
122.163.178.105,11,1,N/A,
59.148.20.65,7,1,N/A,
115.79.58.22,2,1,N/A,
34.136.180.9,0,0,N/A,
192.241.220.16,8,1,N/A,
157.7.52.70,0,0,N/A,
113.31.162.174,9,1,N/A,
197.44.181.62,8,1,N/A,
89.248.165.58,4,4,N/A,
51.222.158.236,2,1,N/A,
84.235.83.162,1,0,N/A,
144.126.224.108,12,1,N/A,
104.248.252.45,6,1,N/A,
69.234.53.208,10,1,N/A,
103.99.2.253,3,0,N/A,
103.76.151.230,0,0,N/A,
182.2.167.13,0,0,N/A,
185.167.97.229,10,2,N/A,
198.199.109.71,12,2,N/A,
146.88.241.150,6,2,N/A,
137.184.151.226,1,1,N/A,
107.170.246.13,10,1,N/A,
107.170.255.30,11,1,N/A,
64.62.197.22,10,1,N/A,
162.243.140.37,9,1,N/A,
217.182.16.13,11,0,N/A,
107.170.245.19,8,1,N/A,
5.196.27.116,6,0,N/A,
170.64.158.127,1,0,N/A,
185.224.128.118,12,1,N/A,
184.105.139.84,6,1,N/A,
94.102.61.32,4,0,N/A,
216.218.206.93,6,1,N/A,
162.243.142.18,8,1,N/A,
146.88.241.30,5,0,N/A,
192.241.197.8,6,1,N/A,
198.199.114.229,11,1,N/A,
94.102.61.34,5,1,N/A,
165.232.46.15,1,0,N/A,
64.62.197.20,9,1,N/A,
191.96.100.12,2,1,N/A,
64.62.197.134,8,1,N/A,
104.237.136.239,1,0,N/A,
146.88.241.31,7,2,N/A,
170.64.179.113,1,0,N/A,
51.38.231.180,10,1,N/A,
104.130.127.39,8,2,N/A,
185.142.236.34,15,1,N/A,
95.214.55.85,11,1,N/A,
192.241.202.13,8,1,N/A,
159.223.61.130,8,2,N/A,
45.33.82.159,0,0,N/A,
198.199.97.176,12,1,N/A,
43.156.239.188,10,2,N/A,
143.110.229.65,6,1,N/A,
64.62.197.124,10,1,N/A,
104.248.30.108,1,0,N/A,
64.62.197.81,13,1,N/A,
192.241.203.202,9,1,N/A,
192.241.225.38,9,1,N/A,
162.243.140.30,11,1,N/A,
81.17.22.122,11,1,N/A,
94.102.49.190,17,1,N/A,
45.55.0.17,12,2,N/A,
138.197.4.140,2,0,N/A,
64.62.197.55,9,1,N/A,
107.170.240.17,8,1,N/A,
179.43.177.163,5,1,N/A,
65.49.20.97,10,1,N/A,
138.197.24.108,1,0,N/A,
107.170.241.9,8,1,N/A,
45.55.0.9,10,1,N/A,
206.217.143.171,8,1,N/A,
194.54.145.3,11,1,N/A,
146.88.241.100,8,2,N/A,
170.64.169.13,2,1,N/A,
144.91.109.74,1,1,N/A,
107.170.251.14,11,1,N/A,
159.65.48.179,9,1,N/A,
64.62.197.113,9,1,N/A,
94.102.61.33,4,1,N/A,
167.94.138.140,10,2,N/A,
102.165.23.211,10,0,N/A,
173.82.83.82,11,0,N/A,
64.62.197.18,10,1,N/A,
162.243.138.7,7,2,N/A,
46.101.213.194,1,1,N/A,
129.205.102.242,12,1,N/A,
178.18.244.133,6,1,N/A,
135.181.137.112,0,0,N/A,
134.209.183.166,11,1,N/A,
167.248.133.169,8,2,N/A,
72.14.186.116,2,0,N/A,
159.223.212.153,0,0,N/A,
176.126.254.138,3,1,N/A,
107.170.244.13,9,1,N/A,
185.142.236.35,15,1,N/A,
198.199.102.146,8,1,N/A,
162.216.150.14,8,0,N/A,
192.241.231.15,8,1,N/A,
185.254.198.199,0,0,N/A,
64.62.197.171,10,1,N/A,
162.216.149.52,8,1,N/A,
71.6.165.200,18,0,N/A,
192.241.231.4,13,1,N/A,
192.210.243.74,6,1,N/A,
64.226.110.48,1,0,N/A,
198.211.96.79,7,1,N/A,
107.170.235.8,9,1,N/A,
107.174.95.143,0,2,N/A,
1.119.168.202,10,2,N/A,
2.187.250.184,2,0,N/A,
2.238.146.114,2,0,N/A,
5.180.182.133,1,0,N/A,
5.180.183.179,2,0,N/A,
8.242.189.242,1,1,N/A,
14.115.106.146,6,0,N/A,
23.225.163.217,6,1,N/A,
27.129.128.239,14,1,N/A,
27.129.129.231,9,2,N/A,
27.147.152.225,10,2,N/A,
31.128.232.150,4,0,N/A,
34.141.146.114,5,1,N/A,
37.183.101.140,0,0,N/A,
39.103.176.201,6,1,N/A,
41.212.110.207,1,0,N/A,
42.179.108.156,1,0,N/A,
43.138.117.231,1,0,N/A,
45.128.232.185,18,1,N/A,
45.128.234.195,8,0,N/A,
45.131.111.192,1,0,N/A,
45.140.143.104,11,1,N/A,
45.147.248.125,6,1,N/A,
45.147.248.129,1,0,N/A,
45.147.248.139,4,0,N/A,
45.171.172.215,1,1,N/A,
45.227.192.105,2,1,N/A,
46.101.107.243,0,0,N/A,
47.100.178.154,2,0,N/A,
47.102.148.177,1,0,N/A,
47.103.121.233,3,0,N/A,
51.195.166.195,8,1,N/A,
52.188.144.191,7,1,N/A,
58.221.126.170,6,0,N/A,
58.243.187.111,4,0,N/A,
59.126.201.101,3,0,N/A,
59.135.179.123,3,2,N/A,
60.210.183.207,1,0,N/A,
60.218.217.228,1,0,N/A,
60.221.224.111,13,0,N/A,
60.221.224.113,13,0,N/A,
60.221.229.154,12,0,N/A,
60.221.238.187,11,0,N/A,
60.223.233.250,12,0,N/A,
61.158.173.189,10,1,N/A,
61.182.115.174,4,0,N/A,
64.227.146.243,11,0,N/A,
66.134.142.230,5,0,N/A,
69.164.201.195,1,0,N/A,
69.164.211.230,0,0,N/A,
69.164.216.188,0,0,N/A,
69.164.217.245,11,0,N/A,
72.216.228.117,0,0,N/A,
74.207.252.206,0,0,N/A,
78.189.213.230,2,1,N/A,
81.214.221.118,1,0,N/A,
83.181.127.188,0,0,N/A,
83.229.112.203,1,0,N/A,
85.105.246.220,4,0,N/A,
85.130.140.147,5,1,N/A,
85.234.187.222,2,1,N/A,
86.143.119.188,1,0,N/A,
87.110.122.210,1,0,N/A,
88.241.225.140,0,0,N/A,
89.219.250.194,0,0,N/A,
91.223.169.114,1,0,N/A,
91.237.161.246,4,0,N/A,
101.132.195.200,1,0,N/A,
102.214.159.123,0,0,N/A,
102.215.191.203,0,0,N/A,
102.221.248.167,1,0,N/A,
102.221.249.156,2,1,N/A,
103.105.154.172,7,0,N/A,
103.165.128.225,6,2,N/A,
103.165.168.142,1,0,N/A,
103.167.196.103,0,0,N/A,
103.167.196.147,3,1,N/A,
103.167.196.163,1,0,N/A,
103.167.196.184,1,0,N/A,
103.173.156.243,3,0,N/A,
103.173.157.232,3,0,N/A,
103.173.157.238,0,0,N/A,
103.173.157.241,0,0,N/A,
103.173.157.248,0,0,N/A,
103.173.158.112,0,0,N/A,
103.173.159.238,3,1,N/A,
103.178.228.226,1,0,N/A,
103.178.229.131,3,1,N/A,
103.178.229.132,2,1,N/A,
103.178.229.137,19,1,N/A,
103.178.229.152,4,1,N/A,
103.178.229.162,1,0,N/A,
103.178.229.246,0,0,N/A,
103.180.147.166,2,1,N/A,
103.180.147.169,0,1,N/A,
103.180.147.191,1,1,N/A,
103.180.147.213,0,2,N/A,
103.238.110.131,0,0,N/A,
104.200.159.174,10,1,N/A,
104.247.242.202,1,0,N/A,
106.107.136.151,1,0,N/A,
106.178.143.220,3,2,N/A,
106.178.167.224,1,0,N/A,
106.178.176.253,5,3,N/A,
106.178.188.107,2,1,N/A,
106.178.202.233,1,0,N/A,
109.162.125.232,9,2,N/A,
109.205.213.106,9,1,N/A,
109.205.213.108,9,1,N/A,
109.205.213.109,8,1,N/A,
109.205.213.117,7,1,N/A,
109.206.241.128,5,1,N/A,
112.238.187.140,4,1,N/A,
112.250.109.154,2,2,N/A,
113.252.104.178,4,0,N/A,
114.215.125.123,5,0,N/A,
115.127.117.171,7,1,N/A,
115.150.138.105,3,0,N/A,
115.206.104.198,1,0,N/A,
116.102.104.183,1,0,N/A,
117.253.128.244,2,0,N/A,
119.250.187.188,1,0,N/A,
120.196.183.231,6,0,N/A,
120.211.132.155,2,0,N/A,
121.160.212.211,2,0,N/A,
122.117.203.200,6,1,N/A,
122.143.200.154,5,0,N/A,
122.165.191.124,5,2,N/A,
122.224.140.154,3,0,N/A,
122.227.241.222,3,1,N/A,
123.131.119.216,0,0,N/A,
123.195.205.208,18,0,N/A,
124.158.185.187,5,1,N/A,
124.161.226.171,6,0,N/A,
124.163.229.216,2,0,N/A,
125.110.167.223,1,0,N/A,
125.227.124.102,3,2,N/A,
125.229.197.165,4,1,N/A,
131.161.192.107,1,0,N/A,
132.255.106.137,1,0,N/A,
134.209.180.174,1,0,N/A,
137.118.202.183,1,0,N/A,
138.197.152.201,16,2,N/A,
138.204.242.224,2,1,N/A,
139.144.150.138,0,0,N/A,
139.144.187.212,0,0,N/A,
139.144.238.171,0,0,N/A,
139.144.238.181,1,0,N/A,
139.144.238.182,0,0,N/A,
139.162.244.209,0,0,N/A,
139.177.185.184,5,1,N/A,
139.177.199.104,0,0,N/A,
140.240.210.125,1,0,N/A,
141.255.167.130,7,1,N/A,
143.198.209.127,0,0,N/A,
143.244.137.175,3,0,N/A,
143.244.147.206,10,2,N/A,
143.244.154.153,4,0,N/A,
146.190.119.114,14,1,N/A,
149.106.135.116,17,3,N/A,
151.236.216.194,3,0,N/A,
156.196.212.151,0,0,N/A,
156.207.246.162,0,0,N/A,
159.224.112.227,5,0,N/A,
165.227.163.231,1,0,N/A,
165.232.169.143,0,0,N/A,
168.228.245.171,1,0,N/A,
170.187.132.217,0,0,N/A,
170.187.227.142,0,0,N/A,
171.117.205.147,2,0,N/A,
171.120.148.130,3,3,N/A,
171.124.142.108,0,0,N/A,
172.104.210.105,10,1,N/A,
172.104.216.170,1,0,N/A,
172.105.111.162,0,0,N/A,
172.105.125.249,0,0,N/A,
172.222.232.228,0,1,N/A,
173.255.210.212,0,0,N/A,
173.255.223.109,0,0,N/A,
173.255.254.212,0,0,N/A,
178.175.160.118,7,1,N/A,
178.175.163.172,1,0,N/A,
180.189.104.102,4,2,N/A,
180.235.121.106,3,0,N/A,
182.119.255.223,6,0,N/A,
182.176.163.162,8,2,N/A,
183.237.207.140,12,2,N/A,
185.126.117.214,3,1,N/A,
185.220.100.240,15,1,N/A,
185.220.101.130,12,2,N/A,
185.220.102.243,15,2,N/A,
185.224.128.114,16,1,N/A,
185.224.128.141,16,3,N/A,
185.224.128.142,15,1,N/A,
185.224.128.215,15,3,N/A,
185.243.218.110,9,3,N/A,
186.192.187.144,2,1,N/A,
186.195.237.127,2,0,N/A,
186.195.238.165,1,1,N/A,
186.219.129.137,2,1,N/A,
186.224.247.115,1,0,N/A,
187.111.220.179,1,0,N/A,
187.131.145.151,0,0,N/A,
187.188.171.212,5,2,N/A,
188.252.241.102,0,0,N/A,
192.241.195.125,4,1,N/A,
192.241.197.243,2,1,N/A,
192.241.200.107,2,0,N/A,
192.241.200.110,12,1,N/A,
192.241.200.163,10,1,N/A,
192.241.204.132,4,0,N/A,
192.241.204.206,11,1,N/A,
192.241.205.242,11,1,N/A,
192.241.206.177,5,0,N/A,
192.241.208.203,4,0,N/A,
192.241.209.112,9,1,N/A,
192.241.209.135,11,1,N/A,
192.241.209.157,3,0,N/A,
192.241.209.196,4,1,N/A,
192.241.209.234,4,0,N/A,
192.241.211.109,5,0,N/A,
192.241.212.126,6,0,N/A,
192.241.212.186,3,1,N/A,
192.241.212.195,1,1,N/A,
192.241.212.227,4,0,N/A,
192.241.215.124,4,0,N/A,
192.241.219.192,3,1,N/A,
192.241.220.170,4,0,N/A,
193.111.250.222,14,1,N/A,
194.195.251.105,0,0,N/A,
194.233.167.222,0,0,N/A,
195.238.122.217,0,0,N/A,
196.189.199.240,4,1,N/A,
196.191.194.113,11,1,N/A,
196.202.182.247,0,0,N/A,
198.199.102.227,11,1,N/A,
198.199.103.192,9,1,N/A,
198.199.103.199,11,1,N/A,
198.199.108.144,10,1,N/A,
198.199.108.155,12,1,N/A,
198.199.109.142,11,1,N/A,
198.199.110.176,8,2,N/A,
198.199.112.109,12,1,N/A,
198.199.114.181,11,1,N/A,
198.199.117.136,10,2,N/A,
198.199.118.130,11,1,N/A,
199.195.249.201,3,1,N/A,
200.215.163.144,6,2,N/A,
201.150.126.209,1,1,N/A,
203.218.222.207,0,0,N/A,
205.185.114.157,7,0,N/A,
205.185.117.202,5,0,N/A,
205.185.122.180,6,0,N/A,
205.185.127.200,5,1,N/A,
206.189.153.207,0,0,N/A,
207.180.212.133,1,0,N/A,
213.231.158.250,5,1,N/A,
213.255.209.173,1,1,N/A,
217.219.191.144,3,1,N/A,
219.146.152.234,9,1,N/A,
220.120.224.232,1,0,N/A,
220.120.233.105,1,0,N/A,
220.120.233.113,2,0,N/A,
220.120.233.115,3,0,N/A,
220.120.233.118,1,0,N/A,
220.120.233.135,4,0,N/A,
220.120.233.139,1,0,N/A,
220.120.233.155,3,0,N/A,
220.120.233.159,1,0,N/A,
220.120.233.174,1,0,N/A,
220.120.233.190,3,0,N/A,
220.120.233.200,2,0,N/A,
220.120.233.207,1,0,N/A,
220.120.233.212,1,0,N/A,
220.120.233.220,1,0,N/A,
220.120.233.232,3,0,N/A,
220.120.233.235,4,0,N/A,
220.120.233.245,5,0,N/A,
220.133.208.183,8,1,N/A,
220.133.222.212,11,2,N/A,
220.135.220.179,0,0,N/A,
220.175.231.166,1,0,N/A,
220.180.170.188,12,1,N/A,
220.180.170.191,14,1,N/A,
221.153.107.168,5,0,N/A,
221.153.107.171,1,0,N/A,
221.153.107.197,3,0,N/A,
221.153.107.214,1,0,N/A,
221.153.107.219,3,0,N/A,
221.153.107.223,2,0,N/A,
222.108.240.166,2,0,N/A,
222.114.227.186,0,0,N/A,
222.117.186.116,3,0,N/A,
222.177.124.142,0,0,N/A,
222.222.135.140,2,0,N/A,
222.222.180.200,12,1,N/A,
222.222.180.201,2,0,N/A,
1.10.187.236,2,1,N/A,
1.11.250.99,3,3,N/A,
1.169.247.78,2,1,N/A,
1.190.93.220,0,0,N/A,
1.22.246.129,1,0,N/A,
1.23.139.92,0,0,N/A,
1.23.199.4,0,0,N/A,
1.34.186.14,3,1,N/A,
1.36.192.88,0,0,N/A,
1.56.19.178,1,0,N/A,
1.64.4.38,1,0,N/A,
1.71.249.177,6,1,N/A,
101.34.45.199,1,0,N/A,
101.35.10.227,0,0,N/A,
101.37.13.178,2,0,N/A,
101.37.67.138,6,3,N/A,
101.74.200.34,13,1,N/A,
102.140.225.4,0,0,N/A,
102.218.36.65,9,1,N/A,
102.222.70.32,3,0,N/A,
103.110.12.162,2,0,N/A,
103.127.79.190,4,0,N/A,
103.161.177.18,0,0,N/A,
103.162.29.103,6,1,N/A,
103.162.29.237,1,0,N/A,
103.167.197.32,0,0,N/A,
103.167.197.67,3,1,N/A,
103.167.197.74,0,0,N/A,
103.178.229.16,0,0,N/A,
103.180.149.22,0,0,N/A,
103.241.80.38,0,0,N/A,
103.249.26.117,5,0,N/A,
103.252.119.25,1,1,N/A,
103.46.242.118,1,0,N/A,
103.47.195.30,6,1,N/A,
103.54.56.44,0,0,N/A,
103.90.160.141,5,1,N/A,
103.90.161.200,4,0,N/A,
103.90.161.62,1,1,N/A,
104.131.128.20,9,1,N/A,
104.131.6.78,0,0,N/A,
104.200.146.36,11,1,N/A,
104.225.140.73,0,0,N/A,
104.237.159.99,0,0,N/A,
104.238.213.8,1,0,N/A,
104.248.127.48,7,0,N/A,
104.248.130.34,8,1,N/A,
104.248.87.252,0,0,N/A,
104.42.61.158,0,0,N/A,
106.14.210.62,2,0,N/A,
106.150.15.133,4,2,N/A,
106.178.156.92,1,0,N/A,
106.178.179.36,2,2,N/A,
106.247.242.82,11,3,N/A,
106.75.116.12,1,1,N/A,
107.170.226.19,9,2,N/A,
107.170.226.22,6,1,N/A,
107.170.229.8,9,1,N/A,
107.170.230.13,10,1,N/A,
107.170.231.10,12,1,N/A,
107.170.231.5,12,1,N/A,
107.170.232.12,11,1,N/A,
107.170.232.14,10,1,N/A,
107.170.233.16,12,1,N/A,
107.170.233.8,11,1,N/A,
107.170.234.14,10,1,N/A,
107.170.234.17,11,1,N/A,
107.170.236.6,9,2,N/A,
107.170.237.12,9,1,N/A,
107.170.238.4,12,1,N/A,
107.170.239.12,11,1,N/A,
107.170.239.9,12,1,N/A,
107.170.240.16,11,1,N/A,
107.170.241.22,11,1,N/A,
107.170.242.11,10,2,N/A,
107.170.243.15,10,1,N/A,
107.170.243.9,12,1,N/A,
107.170.244.25,6,1,N/A,
107.170.245.13,9,1,N/A,
107.170.246.12,10,1,N/A,
107.170.246.23,8,1,N/A,
107.170.247.10,11,1,N/A,
107.170.249.23,11,1,N/A,
107.170.251.21,9,1,N/A,
107.170.251.5,11,1,N/A,
107.170.254.19,10,1,N/A,
107.170.255.16,11,1,N/A,
107.170.255.29,10,1,N/A,
107.189.1.155,15,2,N/A,
107.189.5.161,15,2,N/A,
108.27.229.74,2,0,N/A,
108.30.221.252,1,0,N/A,
108.50.195.142,6,2,N/A,
108.54.226.60,4,1,N/A,
109.205.213.10,14,1,N/A,
109.205.213.14,15,2,N/A,
109.205.213.38,12,1,N/A,
109.205.213.39,15,1,N/A,
109.205.213.4,13,0,N/A,
109.205.213.41,21,0,N/A,
109.205.213.43,11,1,N/A,
109.205.213.5,15,0,N/A,
109.205.213.8,12,1,N/A,
109.74.204.123,13,1,N/A,
110.39.171.12,2,0,N/A,
110.41.4.212,0,0,N/A,
110.77.136.145,3,1,N/A,
110.77.180.80,0,0,N/A,
110.77.219.51,0,0,N/A,
111.11.221.9,12,1,N/A,
111.11.89.155,5,1,N/A,
111.23.94.8,2,0,N/A,
111.231.83.200,0,0,N/A,
111.241.56.237,0,0,N/A,
111.53.145.254,6,2,N/A,
111.53.145.60,6,1,N/A,
111.53.148.63,7,1,N/A,
111.53.158.28,6,1,N/A,
111.70.7.236,1,0,N/A,
111.88.154.15,0,0,N/A,
112.234.46.143,1,0,N/A,
112.245.64.28,5,1,N/A,
112.247.83.56,0,0,N/A,
112.31.166.96,6,1,N/A,
112.47.127.166,4,0,N/A,
112.53.196.24,8,2,N/A,
112.66.118.64,1,0,N/A,
112.72.174.68,0,0,N/A,
113.1.172.35,0,0,N/A,
113.2.207.48,0,0,N/A,
113.30.151.231,0,0,N/A,
113.30.188.96,5,0,N/A,
113.73.25.43,1,0,N/A,
113.73.26.195,1,0,N/A,
113.98.52.31,5,0,N/A,
114.32.134.57,9,2,N/A,
114.33.165.249,2,0,N/A,
114.34.137.53,5,1,N/A,
114.35.199.216,4,1,N/A,
114.35.66.179,9,2,N/A,
114.35.78.144,1,1,N/A,
114.55.94.146,3,0,N/A,
115.235.16.70,1,0,N/A,
115.41.175.19,6,2,N/A,
115.50.17.231,1,0,N/A,
115.58.114.203,0,0,N/A,
115.74.225.66,3,1,N/A,
115.96.108.89,0,0,N/A,
115.96.111.79,0,0,N/A,
115.96.142.212,6,0,N/A,
115.96.143.95,1,0,N/A,
115.96.150.182,0,0,N/A,
116.131.53.98,9,1,N/A,
116.24.222.197,1,0,N/A,
116.25.154.250,1,0,N/A,
116.62.141.47,9,2,N/A,
116.72.129.37,5,0,N/A,
117.14.147.52,1,1,N/A,
117.186.157.10,7,2,N/A,
117.200.42.68,0,0,N/A,
117.200.90.56,0,0,N/A,
117.203.75.5,0,0,N/A,
117.215.48.242,0,0,N/A,
117.60.161.74,1,0,N/A,
117.82.202.79,1,0,N/A,
117.9.169.86,1,1,N/A,
118.160.16.156,0,0,N/A,
118.35.24.237,5,0,N/A,
118.73.254.82,0,0,N/A,
118.77.113.1,1,0,N/A,
118.81.86.151,2,0,N/A,
119.163.251.8,3,1,N/A,
119.56.182.4,1,0,N/A,
120.10.148.40,1,0,N/A,
120.142.179.84,0,0,N/A,
120.237.206.76,11,1,N/A,
120.237.207.3,5,0,N/A,
120.48.10.75,5,1,N/A,
120.48.123.226,2,0,N/A,
120.57.117.203,0,1,N/A,
120.57.122.120,0,0,N/A,
120.57.217.77,0,0,N/A,
120.79.112.128,3,0,N/A,
120.86.143.45,1,0,N/A,
121.144.91.176,3,0,N/A,
121.18.134.162,5,1,N/A,
121.18.89.178,10,1,N/A,
121.2.64.237,1,1,N/A,
121.29.133.123,1,0,N/A,
121.40.102.41,4,0,N/A,
121.40.241.75,2,0,N/A,
121.40.62.56,4,2,N/A,
121.41.32.253,1,0,N/A,
121.5.26.22,1,1,N/A,
122.116.120.1,8,2,N/A,
122.139.47.100,1,0,N/A,
122.157.172.44,1,0,N/A,
122.160.68.27,6,2,N/A,
122.224.171.94,1,1,N/A,
122.226.107.34,5,0,N/A,
122.54.18.165,7,0,N/A,
123.11.2.22,1,0,N/A,
123.120.178.72,1,0,N/A,
123.13.201.163,6,1,N/A,
123.15.5.243,6,2,N/A,
123.160.237.18,12,1,N/A,
123.30.137.81,1,0,N/A,
123.30.157.190,4,1,N/A,
123.5.21.86,1,0,N/A,
123.52.232.131,6,1,N/A,
123.55.202.64,1,0,N/A,
123.60.15.83,1,0,N/A,
123.7.176.41,10,2,N/A,
124.128.2.74,7,1,N/A,
124.128.2.75,4,0,N/A,
124.135.172.42,2,0,N/A,
124.225.230.73,0,0,N/A,
124.28.27.21,5,1,N/A,
124.91.119.221,0,0,N/A,
125.130.31.195,3,0,N/A,
125.130.31.202,1,0,N/A,
125.130.31.215,2,0,N/A,
125.130.31.240,1,0,N/A,
125.130.31.254,3,0,N/A,
125.228.138.27,12,2,N/A,
125.239.154.13,3,0,N/A,
125.32.155.14,14,1,N/A,
125.40.229.85,6,1,N/A,
125.45.87.5,5,1,N/A,
125.71.200.138,12,1,N/A,
128.199.27.133,0,0,N/A,
129.205.8.40,2,0,N/A,
130.180.50.222,5,2,N/A,
131.0.123.199,2,0,N/A,
131.100.120.41,2,0,N/A,
131.161.210.71,1,0,N/A,
134.122.30.157,14,1,N/A,
134.122.35.134,4,0,N/A,
134.122.37.207,0,0,N/A,
136.169.79.199,3,0,N/A,
137.25.54.5,7,0,N/A,
138.0.224.38,1,1,N/A,
138.197.130.21,3,0,N/A,
138.197.24.249,11,0,N/A,
138.219.155.62,1,0,N/A,
138.68.153.47,12,0,N/A,
138.68.179.87,0,0,N/A,
138.68.208.16,7,1,N/A,
138.68.208.21,9,1,N/A,
138.68.208.8,12,1,N/A,
138.99.75.191,0,0,N/A,
139.144.23.233,0,0,N/A,
139.162.175.89,0,0,N/A,
139.162.6.181,0,0,N/A,
139.224.72.148,1,0,N/A,
139.59.125.191,0,0,N/A,
139.59.174.53,0,0,N/A,
14.115.104.94,0,1,N/A,
14.115.105.15,1,0,N/A,
14.115.106.6,1,0,N/A,
14.199.30.10,1,0,N/A,
14.245.108.62,10,1,N/A,
14.33.109.236,2,0,N/A,
14.43.157.248,1,0,N/A,
140.240.202.37,1,0,N/A,
140.250.219.8,1,1,N/A,
141.98.10.75,23,1,N/A,
142.93.115.5,15,0,N/A,
142.93.213.83,1,0,N/A,
143.110.251.47,3,0,N/A,
143.159.50.0,0,0,N/A,
143.198.13.70,0,0,N/A,
143.198.179.57,0,0,N/A,
143.198.8.124,1,0,N/A,
143.244.50.176,7,0,N/A,
143.42.10.15,0,0,N/A,
143.42.11.162,0,0,N/A,
143.42.11.186,1,0,N/A,
143.42.11.7,0,0,N/A,
143.42.115.17,1,0,N/A,
143.42.115.238,1,0,N/A,
143.42.115.27,1,0,N/A,
143.42.117.75,0,0,N/A,
143.42.119.153,0,0,N/A,
143.42.121.93,0,0,N/A,
143.42.122.130,1,0,N/A,
143.42.134.110,0,0,N/A,
143.42.134.126,0,0,N/A,
143.42.134.97,0,0,N/A,
143.42.166.146,0,0,N/A,
143.42.166.147,0,0,N/A,
143.42.166.163,0,0,N/A,
143.42.9.31,0,0,N/A,
143.42.97.150,0,0,N/A,
144.86.35.193,1,0,N/A,
144.91.105.148,5,2,N/A,
146.190.41.214,12,0,N/A,
146.190.57.24,5,2,N/A,
147.182.154.58,12,0,N/A,
147.93.108.33,0,0,N/A,
151.75.249.141,0,0,N/A,
155.137.150.98,6,0,N/A,
156.196.122.17,0,0,N/A,
156.196.60.55,0,0,N/A,
156.198.34.158,0,0,N/A,
156.198.55.124,0,0,N/A,
156.201.159.82,0,0,N/A,
156.217.79.254,0,0,N/A,
156.218.22.87,0,0,N/A,
156.221.54.0,0,0,N/A,
156.222.66.231,0,0,N/A,
156.223.18.148,0,0,N/A,
157.245.4.22,8,0,N/A,
159.203.192.10,11,1,N/A,
159.203.192.13,12,1,N/A,
159.203.192.15,12,1,N/A,
159.203.224.7,10,1,N/A,
159.203.240.9,13,1,N/A,
159.203.44.105,18,0,N/A,
159.203.94.125,1,0,N/A,
159.65.148.202,1,0,N/A,
159.65.18.253,1,0,N/A,
159.65.219.198,7,2,N/A,
159.89.116.110,0,0,N/A,
159.89.152.113,5,1,N/A,
161.35.190.246,10,0,N/A,
161.35.42.137,0,0,N/A,
161.97.117.104,4,2,N/A,
162.212.153.75,2,0,N/A,
162.243.128.23,11,1,N/A,
162.243.130.21,5,1,N/A,
162.243.130.4,13,1,N/A,
162.243.130.9,11,1,N/A,
162.243.131.5,12,1,N/A,
162.243.132.18,10,1,N/A,
162.243.132.24,11,1,N/A,
162.243.133.21,10,1,N/A,
162.243.134.20,11,1,N/A,
162.243.136.24,9,1,N/A,
162.243.139.19,10,1,N/A,
162.243.139.21,11,1,N/A,
162.243.140.11,11,1,N/A,
162.243.140.13,11,1,N/A,
162.243.140.34,9,2,N/A,
162.243.141.11,10,1,N/A,
162.243.141.14,11,1,N/A,
162.243.141.19,12,1,N/A,
162.243.142.25,8,1,N/A,
162.243.143.23,13,1,N/A,
162.243.144.8,14,1,N/A,
162.243.144.9,10,2,N/A,
162.243.145.16,13,1,N/A,
162.243.145.23,12,1,N/A,
162.243.146.11,12,1,N/A,
162.243.146.19,11,1,N/A,
162.243.146.35,10,1,N/A,
162.243.146.4,12,1,N/A,
162.243.147.16,10,1,N/A,
162.243.149.7,11,1,N/A,
162.243.150.11,12,1,N/A,
162.243.150.15,9,1,N/A,
162.247.73.192,11,3,N/A,
164.163.18.102,4,0,N/A,
164.163.61.40,1,0,N/A,
164.52.24.172,4,1,N/A,
164.90.204.124,9,0,N/A,
164.92.142.214,0,0,N/A,
164.92.182.64,1,0,N/A,
164.92.251.117,3,0,N/A,
165.22.235.167,3,0,N/A,
165.22.60.26,10,0,N/A,
165.227.131.89,0,0,N/A,
165.227.37.251,6,0,N/A,
165.227.78.106,0,0,N/A,
167.172.86.39,2,0,N/A,
167.172.89.248,11,0,N/A,
167.71.133.68,11,0,N/A,
167.71.170.26,0,0,N/A,
167.99.13.19,12,1,N/A,
167.99.220.14,1,0,N/A,
167.99.235.7,4,0,N/A,
168.196.107.60,1,0,N/A,
168.196.137.8,1,1,N/A,
170.0.12.92,2,0,N/A,
170.0.168.57,1,0,N/A,
170.187.168.75,0,0,N/A,
170.187.192.48,0,0,N/A,
170.233.7.224,0,0,N/A,
170.64.130.83,2,0,N/A,
170.64.134.166,1,1,N/A,
170.64.136.154,1,0,N/A,
170.64.140.140,0,0,N/A,
170.64.154.239,0,0,N/A,
170.64.166.144,12,0,N/A,
170.64.177.201,6,1,N/A,
170.80.65.64,1,0,N/A,
171.103.60.50,3,0,N/A,
171.116.82.102,1,0,N/A,
171.118.60.255,6,2,N/A,
171.119.101.23,1,0,N/A,
171.120.31.100,1,0,N/A,
171.241.69.47,4,0,N/A,
171.4.217.43,4,1,N/A,
172.104.208.61,1,1,N/A,
172.104.52.253,0,1,N/A,
172.105.11.55,0,0,N/A,
172.105.17.80,0,0,N/A,
172.105.29.74,0,0,N/A,
172.105.4.197,0,0,N/A,
172.105.97.59,0,0,N/A,
172.29.0.227,0,0,N/A,
172.89.118.55,4,2,N/A,
173.224.29.50,5,1,N/A,
173.255.216.16,0,0,N/A,
176.103.27.155,5,1,N/A,
176.105.17.111,1,0,N/A,
176.124.23.88,0,0,N/A,
176.29.153.232,5,1,N/A,
176.8.237.192,6,2,N/A,
176.9.198.137,2,0,N/A,
177.107.68.43,3,0,N/A,
177.124.37.119,3,0,N/A,
177.128.152.96,3,0,N/A,
177.20.182.164,1,1,N/A,
177.47.45.190,2,1,N/A,
177.66.255.56,1,1,N/A,
177.67.3.168,1,0,N/A,
177.67.5.245,1,0,N/A,
177.75.26.183,0,0,N/A,
177.86.41.142,2,0,N/A,
177.87.150.202,1,0,N/A,
177.93.146.71,1,0,N/A,
178.128.24.92,1,0,N/A,
178.128.250.11,0,0,N/A,
178.136.215.10,1,0,N/A,
178.136.215.2,3,0,N/A,
178.20.55.16,14,4,N/A,
178.232.60.55,5,0,N/A,
178.54.134.84,2,0,N/A,
178.62.41.235,0,0,N/A,
178.62.6.176,1,0,N/A,
178.79.139.171,8,1,N/A,
178.79.158.139,1,0,N/A,
178.79.158.153,2,0,N/A,
179.106.16.177,1,0,N/A,
179.106.21.225,2,0,N/A,
179.106.23.196,1,1,N/A,
179.124.212.4,2,0,N/A,
179.124.31.118,2,0,N/A,
179.189.18.125,0,0,N/A,
179.189.30.106,0,0,N/A,
179.189.30.114,0,0,N/A,
179.43.140.246,5,1,N/A,
179.43.163.132,15,1,N/A,
179.48.127.29,5,1,N/A,
179.48.127.49,1,0,N/A,
179.51.249.82,0,0,N/A,
180.160.104.2,1,0,N/A,
180.221.216.91,5,1,N/A,
181.193.9.6,21,0,N/A,
181.78.21.236,8,1,N/A,
182.172.35.61,1,0,N/A,
182.191.86.148,5,3,N/A,
182.191.94.119,6,2,N/A,
182.227.11.91,3,0,N/A,
182.52.99.77,1,0,N/A,
182.58.217.71,0,0,N/A,
182.61.22.191,3,0,N/A,
183.11.229.71,3,1,N/A,
183.16.226.94,1,0,N/A,
183.215.18.162,5,1,N/A,
183.230.2.241,1,0,N/A,
183.242.16.154,7,2,N/A,
183.245.33.215,6,2,N/A,
183.245.33.73,7,1,N/A,
183.89.115.196,4,0,N/A,
183.99.10.44,7,1,N/A,
185.129.61.1,15,2,N/A,
185.132.53.119,16,1,N/A,
185.132.53.221,6,0,N/A,
185.194.142.90,7,3,N/A,
185.229.227.93,1,0,N/A,
185.245.71.60,0,0,N/A,
185.25.121.96,3,0,N/A,
185.3.94.202,0,0,N/A,
185.47.172.205,1,0,N/A,
185.53.209.132,0,0,N/A,
185.53.209.152,0,0,N/A,
185.53.209.222,0,0,N/A,
185.56.83.83,11,3,N/A,
186.193.60.24,2,0,N/A,
186.193.63.136,1,2,N/A,
186.195.96.231,1,0,N/A,
186.224.251.98,2,1,N/A,
186.227.249.35,1,0,N/A,
186.233.73.205,3,0,N/A,
186.233.73.245,2,0,N/A,
186.250.14.187,3,0,N/A,
186.65.85.48,8,2,N/A,
187.144.34.231,6,1,N/A,
187.144.56.113,1,1,N/A,
187.145.141.0,0,0,N/A,
187.214.137.74,1,1,N/A,
187.251.18.226,10,2,N/A,
187.45.107.212,1,0,N/A,
187.62.205.79,1,0,N/A,
187.84.80.156,1,1,N/A,
187.84.85.136,1,0,N/A,
187.94.183.151,1,0,N/A,
188.148.165.99,0,0,N/A,
188.149.183.59,1,0,N/A,
188.166.179.95,2,0,N/A,
188.212.227.54,0,0,N/A,
188.250.97.43,5,0,N/A,
188.53.182.89,1,0,N/A,
189.201.236.74,2,0,N/A,
189.230.228.97,1,0,N/A,
189.36.214.104,0,0,N/A,
189.36.215.14,0,0,N/A,
189.84.150.245,0,0,N/A,
189.84.157.204,1,0,N/A,
190.109.226.54,1,0,N/A,
190.109.245.57,0,0,N/A,
190.217.63.5,4,0,N/A,
190.5.76.18,3,1,N/A,
190.75.93.127,0,0,N/A,
190.99.94.190,0,0,N/A,
191.242.204.74,2,1,N/A,
191.37.203.186,2,1,N/A,
192.155.80.30,0,0,N/A,
192.155.88.231,12,0,N/A,
192.155.90.220,13,2,N/A,
192.161.176.10,3,1,N/A,
192.241.192.13,10,1,N/A,
192.241.192.26,10,2,N/A,
192.241.195.6,12,1,N/A,
192.241.196.64,13,1,N/A,
192.241.196.96,3,0,N/A,
192.241.198.19,10,1,N/A,
192.241.198.37,8,1,N/A,
192.241.200.24,10,1,N/A,
192.241.200.48,11,1,N/A,
192.241.200.80,10,1,N/A,
192.241.203.14,9,1,N/A,
192.241.203.43,7,1,N/A,
192.241.203.5,10,1,N/A,
192.241.203.8,10,1,N/A,
192.241.204.66,10,1,N/A,
192.241.206.20,10,1,N/A,
192.241.206.6,12,1,N/A,
192.241.207.8,8,1,N/A,
192.241.207.91,14,1,N/A,
192.241.208.63,3,0,N/A,
192.241.208.7,7,2,N/A,
192.241.210.25,10,1,N/A,
192.241.210.29,11,1,N/A,
192.241.210.43,10,2,N/A,
192.241.211.13,11,1,N/A,
192.241.211.53,11,1,N/A,
192.241.212.81,6,0,N/A,
192.241.213.57,9,1,N/A,
192.241.213.74,10,1,N/A,
192.241.214.25,8,1,N/A,
192.241.215.14,11,1,N/A,
192.241.216.15,9,1,N/A,
192.241.216.23,10,1,N/A,
192.241.217.22,11,1,N/A,
192.241.218.14,12,1,N/A,
192.241.220.21,10,1,N/A,
192.241.221.22,12,1,N/A,
192.241.222.7,12,1,N/A,
192.241.223.44,11,1,N/A,
192.241.224.25,11,1,N/A,
192.241.225.11,13,1,N/A,
192.241.226.35,10,1,N/A,
192.241.226.43,12,1,N/A,
192.241.227.20,11,1,N/A,
192.241.227.28,12,1,N/A,
192.241.230.17,12,1,N/A,
192.241.230.18,9,1,N/A,
192.241.231.32,12,1,N/A,
192.241.232.27,10,1,N/A,
192.241.234.12,11,1,N/A,
192.241.234.5,13,1,N/A,
192.241.234.7,12,1,N/A,
192.241.238.11,12,1,N/A,
192.241.239.13,9,1,N/A,
192.241.239.16,12,1,N/A,
192.42.116.177,11,2,N/A,
192.42.116.217,10,1,N/A,
192.53.120.189,0,0,N/A,
192.53.121.230,0,0,N/A,
192.53.121.41,1,0,N/A,
192.53.122.223,0,0,N/A,
192.53.123.45,0,0,N/A,
192.81.132.155,0,0,N/A,
192.99.62.110,9,1,N/A,
193.141.60.9,2,0,N/A,
193.142.146.35,10,3,N/A,
193.32.162.189,15,4,N/A,
193.32.162.190,9,2,N/A,
193.35.18.107,10,1,N/A,
193.35.18.162,5,0,N/A,
193.35.18.198,11,0,N/A,
193.35.18.207,5,0,N/A,
193.35.18.231,10,0,N/A,
193.35.18.61,17,2,N/A,
193.47.61.121,6,0,N/A,
194.124.33.143,1,1,N/A,
194.55.224.203,21,0,N/A,
194.55.224.58,14,2,N/A,
194.87.151.204,12,1,N/A,
195.178.120.37,21,2,N/A,
195.189.18.128,2,0,N/A,
195.37.190.89,6,1,N/A,
195.58.39.204,8,1,N/A,
195.88.56.142,1,0,N/A,
195.88.56.216,9,0,N/A,
195.96.137.3,4,1,N/A,
195.96.137.6,12,2,N/A,
195.96.137.8,5,0,N/A,
195.96.137.9,9,3,N/A,
196.188.78.102,3,1,N/A,
196.189.0.23,5,0,N/A,
196.189.38.62,3,1,N/A,
196.189.96.50,3,1,N/A,
196.191.163.2,8,1,N/A,
196.200.32.64,1,1,N/A,
196.64.78.150,0,0,N/A,
197.237.48.39,1,0,N/A,
197.237.75.25,2,1,N/A,
197.33.222.205,0,0,N/A,
197.37.201.3,0,0,N/A,
197.39.70.96,0,0,N/A,
197.40.27.211,0,0,N/A,
197.49.26.186,1,0,N/A,
197.60.45.101,0,0,N/A,
198.199.108.74,12,1,N/A,
198.199.108.85,12,1,N/A,
198.199.113.7,10,1,N/A,
198.199.116.50,12,1,N/A,
198.199.116.56,12,2,N/A,
198.199.116.78,10,1,N/A,
198.199.117.15,13,2,N/A,
198.199.93.172,5,1,N/A,
198.199.93.20,11,1,N/A,
198.199.94.50,12,1,N/A,
198.199.94.57,12,1,N/A,
198.199.95.29,12,1,N/A,
198.199.95.33,8,2,N/A,
198.199.95.79,2,0,N/A,
198.199.96.218,8,1,N/A,
198.199.96.32,12,1,N/A,
198.199.98.85,11,1,N/A,
198.58.111.195,0,0,N/A,
198.74.56.46,10,1,N/A,
198.98.53.92,5,0,N/A,
198.98.54.125,7,1,N/A,
198.98.55.82,5,0,N/A,
198.98.57.49,7,1,N/A,
198.98.58.108,6,1,N/A,
198.98.58.2,5,1,N/A,
198.98.60.89,0,1,N/A,
198.98.62.58,5,1,N/A,
199.19.75.51,1,0,N/A,
199.195.251.20,3,1,N/A,
199.34.21.86,2,0,N/A,
2.192.226.26,1,1,N/A,
2.192.66.200,0,0,N/A,
2.47.46.34,4,0,N/A,
2.58.113.179,3,0,N/A,
20.25.0.130,6,1,N/A,
201.163.31.145,6,1,N/A,
201.76.116.102,2,1,N/A,
201.76.120.13,1,0,N/A,
202.137.218.99,1,0,N/A,
202.29.224.26,5,1,N/A,
202.63.215.22,7,0,N/A,
203.130.20.54,8,1,N/A,
205.185.115.65,8,1,N/A,
205.185.115.96,6,0,N/A,
205.185.116.69,6,0,N/A,
205.185.117.62,2,0,N/A,
205.185.120.39,6,0,N/A,
205.185.125.82,9,1,N/A,
206.189.120.50,12,0,N/A,
206.189.83.122,0,0,N/A,
206.189.96.157,1,0,N/A,
208.138.25.30,3,1,N/A,
209.126.83.40,11,0,N/A,
209.141.32.225,9,1,N/A,
209.141.33.215,6,0,N/A,
209.141.37.243,4,0,N/A,
209.141.40.158,7,0,N/A,
209.141.40.231,5,0,N/A,
209.141.42.105,7,0,N/A,
209.141.44.158,4,0,N/A,
209.141.44.228,5,1,N/A,
209.141.48.35,5,1,N/A,
209.141.49.204,3,0,N/A,
209.141.49.9,6,0,N/A,
209.141.55.189,6,0,N/A,
209.141.56.241,8,0,N/A,
209.141.56.30,6,0,N/A,
209.141.58.223,3,0,N/A,
209.141.60.133,6,0,N/A,
209.141.60.70,6,0,N/A,
209.85.218.100,0,0,N/A,
209.85.218.97,0,0,N/A,
209.85.221.100,0,0,N/A,
209.85.221.97,0,0,N/A,
209.85.221.98,0,0,N/A,
209.97.158.59,0,0,N/A,
210.113.70.11,2,0,N/A,
210.113.70.126,1,0,N/A,
210.113.70.24,3,0,N/A,
210.113.70.26,2,0,N/A,
210.113.70.29,5,0,N/A,
210.113.70.36,3,0,N/A,
210.113.70.39,1,0,N/A,
210.113.70.55,4,0,N/A,
210.6.197.111,9,2,N/A,
211.134.1.249,2,2,N/A,
211.134.5.169,1,0,N/A,
211.154.253.74,6,0,N/A,
211.221.91.104,3,0,N/A,
211.221.91.121,2,0,N/A,
211.221.91.139,1,0,N/A,
211.221.91.14,4,0,N/A,
211.221.91.18,3,0,N/A,
211.221.91.189,4,0,N/A,
211.221.91.202,4,0,N/A,
211.221.91.207,1,0,N/A,
211.221.91.21,3,0,N/A,
211.221.91.228,1,0,N/A,
211.221.91.23,2,0,N/A,
211.221.91.243,1,0,N/A,
211.221.91.25,2,0,N/A,
211.221.91.33,3,0,N/A,
211.221.91.46,3,0,N/A,
211.221.91.56,3,0,N/A,
211.221.91.57,1,0,N/A,
211.3.135.120,5,2,N/A,
211.48.66.112,1,0,N/A,
211.51.111.22,1,0,N/A,
211.51.111.98,2,0,N/A,
212.71.248.191,0,0,N/A,
212.80.207.211,1,0,N/A,
212.86.120.49,1,0,N/A,
213.232.223.55,1,0,N/A,
213.238.245.99,1,0,N/A,
213.52.129.230,1,0,N/A,
216.137.179.14,5,2,N/A,
216.154.22.82,1,0,N/A,
216.154.33.233,1,0,N/A,
216.181.81.190,1,0,N/A,
218.13.170.26,10,1,N/A,
218.150.178.46,1,0,N/A,
218.21.168.98,11,1,N/A,
218.23.112.85,5,0,N/A,
218.23.126.101,13,1,N/A,
218.28.124.102,10,1,N/A,
218.28.21.162,4,1,N/A,
218.4.170.126,14,1,N/A,
218.50.229.33,4,2,N/A,
218.58.136.138,10,2,N/A,
218.9.240.244,1,0,N/A,
219.77.33.139,0,0,N/A,
219.78.103.56,0,0,N/A,
220.120.233.39,3,0,N/A,
220.120.233.48,2,0,N/A,
220.120.233.72,1,0,N/A,
220.120.233.83,4,0,N/A,
220.120.233.88,1,0,N/A,
220.120.233.9,4,0,N/A,
220.120.233.94,1,0,N/A,
220.122.84.110,9,1,N/A,
220.132.186.97,3,0,N/A,
220.132.94.174,4,2,N/A,
220.133.51.211,6,1,N/A,
220.133.75.137,5,1,N/A,
220.171.22.172,1,0,N/A,
220.178.65.134,4,0,N/A,
220.180.37.203,9,2,N/A,
220.197.178.8,4,1,N/A,
220.87.158.201,3,1,N/A,
221.10.100.196,8,2,N/A,
221.124.197.26,1,0,N/A,
221.127.95.47,1,0,N/A,
221.153.107.13,1,0,N/A,
221.153.107.2,1,0,N/A,
221.153.107.4,3,0,N/A,
221.225.63.176,1,0,N/A,
222.10.149.106,4,2,N/A,
222.10.152.206,1,1,N/A,
222.10.153.222,9,3,N/A,
222.10.208.93,1,1,N/A,
222.102.181.53,6,0,N/A,
222.103.29.227,1,0,N/A,
222.117.186.28,6,0,N/A,
222.12.38.178,4,2,N/A,
222.12.71.193,4,1,N/A,
222.136.99.20,11,1,N/A,
222.14.178.160,2,1,N/A,
222.174.181.90,13,1,N/A,
222.222.68.97,2,0,N/A,
223.13.123.185,10,1,N/A,
223.13.125.214,12,1,N/A,
223.16.45.171,0,0,N/A,
223.17.99.235,0,0,N/A,
223.19.116.145,3,0,N/A,
223.19.195.90,0,0,N/A,
223.244.83.226,5,1,N/A,
223.244.83.227,11,1,N/A,
23.129.64.210,17,3,N/A,
23.129.64.217,16,4,N/A,
23.129.64.220,11,2,N/A,
23.129.64.224,11,2,N/A,
23.129.64.226,12,2,N/A,
23.129.64.229,12,2,N/A,
23.243.97.38,0,0,N/A,
23.30.8.154,10,3,N/A,
23.88.123.161,1,0,N/A,
27.128.226.95,3,2,N/A,
27.129.132.36,10,2,N/A,
3.13.246.233,1,0,N/A,
31.208.19.220,6,0,N/A,
34.142.74.220,4,1,N/A,
34.147.48.142,0,0,N/A,
36.1.105.55,0,0,N/A,
36.141.89.214,6,2,N/A,
36.48.255.125,1,1,N/A,
37.202.232.36,0,0,N/A,
37.229.34.132,3,1,N/A,
37.229.9.214,0,0,N/A,
39.105.77.214,6,0,N/A,
39.108.8.189,3,1,N/A,
39.172.110.67,7,2,N/A,
39.61.45.18,6,0,N/A,
39.76.253.131,0,0,N/A,
40.80.156.187,0,0,N/A,
40.83.168.242,1,0,N/A,
41.10.186.44,0,0,N/A,
41.212.90.112,3,0,N/A,
41.238.8.44,0,0,N/A,
41.32.130.242,5,1,N/A,
41.36.28.81,0,0,N/A,
42.2.127.154,1,0,N/A,
42.243.167.8,10,1,N/A,
42.5.103.60,1,0,N/A,
42.98.37.100,5,0,N/A,
43.143.228.31,4,0,N/A,
45.14.165.26,17,0,N/A,
45.147.251.79,0,0,N/A,
45.154.98.33,8,1,N/A,
45.166.107.12,0,1,N/A,
45.185.105.27,0,0,N/A,
45.224.251.98,0,0,N/A,
45.232.212.80,1,1,N/A,
45.232.7.189,2,0,N/A,
45.33.87.154,13,1,N/A,
45.55.0.5,10,1,N/A,
45.56.108.171,1,0,N/A,
45.7.188.104,2,0,N/A,
45.71.129.11,2,1,N/A,
45.71.129.99,0,1,N/A,
45.72.214.154,1,0,N/A,
45.72.214.62,1,0,N/A,
45.72.220.241,2,1,N/A,
45.79.106.97,0,0,N/A,
45.79.146.10,1,0,N/A,
45.79.163.53,10,1,N/A,
45.79.168.172,11,1,N/A,
45.79.181.104,10,1,N/A,
45.79.181.179,12,1,N/A,
45.79.189.180,0,0,N/A,
45.79.3.8,0,0,N/A,
45.79.91.248,0,0,N/A,
45.88.109.144,3,0,N/A,
45.90.162.110,3,1,N/A,
45.95.55.230,6,1,N/A,
46.118.97.13,8,1,N/A,
46.119.90.19,5,0,N/A,
46.32.173.149,1,0,N/A,
46.46.118.236,0,0,N/A,
46.46.241.106,3,1,N/A,
47.100.53.105,10,2,N/A,
47.103.55.147,5,0,N/A,
47.114.185.53,3,0,N/A,
47.14.111.20,5,1,N/A,
47.16.77.51,9,2,N/A,
47.232.172.60,1,0,N/A,
47.87.229.10,5,0,N/A,
47.93.143.183,2,0,N/A,
47.97.158.235,1,0,N/A,
47.98.169.107,1,0,N/A,
47.98.96.100,1,0,N/A,
47.99.190.107,0,0,N/A,
47.99.48.118,1,0,N/A,
49.49.1.252,2,1,N/A,
5.105.4.127,5,1,N/A,
50.116.61.34,0,0,N/A,
51.222.86.79,12,2,N/A,
51.68.172.240,1,0,N/A,
51.68.202.107,16,0,N/A,
52.144.47.20,1,0,N/A,
58.18.38.131,9,1,N/A,
58.56.206.166,13,1,N/A,
59.135.113.23,1,1,N/A,
59.135.116.94,5,2,N/A,
59.174.93.36,1,0,N/A,
59.18.155.115,3,0,N/A,
59.18.155.12,3,0,N/A,
59.18.155.2,1,0,N/A,
59.18.155.40,5,0,N/A,
59.18.155.57,3,0,N/A,
59.18.155.60,3,0,N/A,
59.18.170.114,3,0,N/A,
59.18.170.161,3,0,N/A,
59.18.170.17,1,0,N/A,
59.36.1.60,1,0,N/A,
59.45.47.134,5,1,N/A,
59.49.19.46,12,1,N/A,
59.56.77.23,4,1,N/A,
59.88.40.230,0,0,N/A,
59.94.248.23,0,0,N/A,
59.94.249.138,0,0,N/A,
59.94.251.71,1,0,N/A,
59.96.113.109,0,0,N/A,
60.10.22.153,7,2,N/A,
60.161.138.28,9,3,N/A,
60.172.6.70,14,1,N/A,
60.2.120.26,7,2,N/A,
60.221.224.27,8,1,N/A,
60.221.238.51,9,1,N/A,
60.221.46.135,2,0,N/A,
60.221.46.159,2,0,N/A,
60.221.46.210,3,0,N/A,
60.221.46.242,0,1,N/A,
60.221.46.48,1,0,N/A,
60.221.46.64,1,0,N/A,
60.221.46.78,5,0,N/A,
60.221.46.81,3,0,N/A,
60.221.59.142,12,0,N/A,
60.221.60.66,10,0,N/A,
60.221.60.72,9,1,N/A,
60.221.60.82,6,1,N/A,
60.221.60.85,3,0,N/A,
60.221.61.247,10,0,N/A,
61.0.66.213,1,0,N/A,
61.145.181.78,10,1,N/A,
61.145.210.44,2,0,N/A,
61.167.92.215,1,0,N/A,
61.2.180.133,0,0,N/A,
61.2.194.190,0,0,N/A,
61.230.16.115,0,0,N/A,
61.76.247.106,2,0,N/A,
61.84.11.94,1,0,N/A,
62.150.75.147,11,2,N/A,
62.8.65.212,8,3,N/A,
62.8.77.198,1,1,N/A,
62.8.85.65,1,1,N/A,
64.20.41.98,6,0,N/A,
64.20.63.153,4,0,N/A,
64.227.32.150,2,0,N/A,
64.227.41.39,12,1,N/A,
64.227.5.83,0,0,N/A,
65.110.212.16,1,0,N/A,
66.240.205.34,11,1,N/A,
66.45.243.52,1,0,N/A,
67.247.3.229,4,1,N/A,
68.183.62.82,1,0,N/A,
68.193.3.17,1,0,N/A,
69.123.60.234,4,0,N/A,
69.164.211.43,2,0,N/A,
69.164.217.74,11,1,N/A,
69.165.145.79,1,0,N/A,
70.53.226.25,1,0,N/A,
74.209.15.103,2,1,N/A,
74.89.60.114,1,0,N/A,
76.171.0.229,0,0,N/A,
76.9.52.67,0,0,N/A,
77.105.237.43,7,0,N/A,
77.234.40.122,4,0,N/A,
77.42.239.40,1,0,N/A,
77.81.139.39,2,1,N/A,
78.105.248.88,1,0,N/A,
78.138.0.147,1,0,N/A,
78.142.18.220,14,0,N/A,
78.84.151.4,1,0,N/A,
78.84.228.47,0,0,N/A,
79.10.15.101,3,1,N/A,
79.37.82.82,0,0,N/A,
79.54.22.106,3,1,N/A,
8.142.64.10,3,1,N/A,
80.210.31.119,7,1,N/A,
80.82.78.39,11,2,N/A,
81.163.90.106,3,1,N/A,
81.243.29.168,0,0,N/A,
81.28.6.184,0,0,N/A,
83.229.3.75,0,0,N/A,
83.229.69.37,0,0,N/A,
83.229.72.223,2,0,N/A,
83.229.72.240,1,0,N/A,
83.24.141.102,0,0,N/A,
84.54.50.61,12,1,N/A,
85.130.138.30,5,1,N/A,
85.97.188.199,9,1,N/A,
86.107.31.40,4,0,N/A,
87.110.21.71,5,0,N/A,
87.21.33.218,1,0,N/A,
89.105.249.52,3,0,N/A,
89.248.165.52,16,0,N/A,
89.248.168.55,5,0,N/A,
89.32.241.148,2,1,N/A,
90.140.98.155,1,0,N/A,
90.182.0.218,8,2,N/A,
91.149.48.143,2,1,N/A,
91.223.169.14,0,0,N/A,
91.226.72.183,0,0,N/A,
91.69.212.14,5,1,N/A,
92.12.216.40,1,0,N/A,
92.14.135.177,6,0,N/A,
92.9.7.216,1,0,N/A,
93.75.132.128,4,0,N/A,
94.178.117.27,0,0,N/A,
94.23.207.108,0,0,N/A,
95.68.59.240,2,0,N/A,
98.113.148.88,4,0,N/A,
99.43.235.161,5,0,N/A,
99.49.100.219,11,1,N/A,
159.203.224.27,8,2,N/A,
45.128.232.71,13,0,N/A,
178.128.84.187,9,1,N/A,
198.199.114.126,12,1,N/A,
192.241.218.16,10,1,N/A,
164.92.232.89,7,1,N/A,
87.121.221.66,5,1,N/A,
80.66.88.11,0,0,N/A,
80.66.76.22,8,2,N/A,
80.66.76.21,1,0,N/A,
87.251.75.20,2,1,N/A,
80.200.36.205,0,0,N/A,
76.225.139.38,1,0,N/A,
72.255.117.54,4,1,N/A,
35.135.230.22,3,1,N/A,
131.159.24.205,6,1,N/A,
126.71.116.96,2,0,N/A,
20.3.233.241,6,1,N/A,
69.116.229.239,8,0,N/A,
45.137.22.237,6,1,N/A,
223.73.68.190,0,0,N/A,
185.225.74.198,10,2,N/A,
128.199.218.228,0,0,N/A,
54.170.35.192,0,0,N/A,
222.129.48.157,0,0,N/A,
182.106.128.229,0,0,N/A,
124.77.173.11,0,0,N/A,
36.250.183.29,0,0,N/A,
120.229.53.207,0,0,N/A,
212.225.160.209,2,1,N/A,
23.129.64.148,19,2,N/A,
14.120.134.248,0,0,N/A,
23.129.64.219,13,3,N/A,
201.160.56.252,0,0,N/A,
172.71.202.43,0,0,N/A,
175.165.160.41,0,0,N/A,
39.189.32.141,0,0,N/A,
222.223.145.11,0,1,N/A,
23.129.64.143,13,3,N/A,
172.18.0.10,0,0,N/A,
23.129.64.147,18,3,N/A,
182.106.128.227,0,0,N/A,
185.86.6.251,0,0,N/A,
38.152.68.134,0,0,N/A,
223.73.68.248,0,0,N/A,
124.237.122.200,0,0,N/A,
198.145.226.97,0,0,N/A,
58.60.33.187,0,1,N/A,
198.46.233.93,0,0,N/A,
45.128.199.254,0,2,N/A,
94.46.206.140,0,0,N/A,
183.128.148.174,0,0,N/A,
198.23.203.165,0,0,N/A,
205.198.121.47,0,0,N/A,
5.255.98.156,1,0,N/A,
183.17.127.209,0,0,N/A,
200.58.83.111,0,0,N/A,
182.61.26.30,0,0,N/A,
107.189.161.123,1,0,N/A,
117.68.217.149,0,0,N/A,
39.171.172.204,0,1,N/A,
192.210.223.123,0,0,N/A,
103.87.141.203,0,0,N/A,
23.129.64.216,15,4,N/A,
116.21.237.73,0,0,N/A,
45.137.22.42,7,0,N/A,
107.172.209.212,0,0,N/A,
103.193.150.158,0,0,N/A,
54.154.218.245,0,0,N/A,
2.238.146.114,3,0,N/A,
27.129.128.239,12,2,N/A,
27.129.129.231,6,2,N/A,
45.128.232.185,20,2,N/A,
51.195.166.195,7,2,N/A,
60.221.238.187,10,1,N/A,
102.221.249.156,2,2,N/A,
109.205.213.106,9,2,N/A,
109.205.213.108,10,2,N/A,
109.205.213.109,6,2,N/A,
109.205.213.117,7,2,N/A,
138.197.152.201,14,3,N/A,
146.190.119.114,15,1,N/A,
183.237.207.140,10,3,N/A,
187.188.171.212,4,1,N/A,
192.241.200.163,8,1,N/A,
192.241.205.242,10,1,N/A,
192.241.209.112,11,1,N/A,
192.241.209.135,12,1,N/A,
198.199.108.144,11,1,N/A,
198.199.109.142,10,1,N/A,
198.199.110.176,8,1,N/A,
198.199.112.109,13,1,N/A,
198.199.114.181,10,1,N/A,
198.199.118.130,12,1,N/A,
220.180.170.191,13,2,N/A,
222.222.180.200,11,2,N/A,
102.218.36.65,8,2,N/A,
103.47.195.30,5,1,N/A,
104.200.146.36,12,1,N/A,
104.248.130.34,9,2,N/A,
104.42.61.158,1,1,N/A,
107.170.227.31,5,1,N/A,
107.170.234.14,9,1,N/A,
107.170.236.6,10,2,N/A,
107.170.237.12,10,1,N/A,
107.170.239.12,12,1,N/A,
107.170.242.11,9,2,N/A,
107.170.243.9,11,1,N/A,
107.170.244.25,8,2,N/A,
107.170.245.13,10,1,N/A,
107.170.246.23,9,1,N/A,
107.170.249.23,12,1,N/A,
107.170.251.21,10,1,N/A,
109.205.213.10,11,2,N/A,
109.205.213.14,14,3,N/A,
109.205.213.38,10,2,N/A,
109.205.213.39,14,2,N/A,
109.205.213.4,12,1,N/A,
109.205.213.41,19,1,N/A,
109.205.213.43,9,2,N/A,
109.205.213.5,11,1,N/A,
109.205.213.8,11,2,N/A,
109.74.204.123,15,1,N/A,
112.53.196.24,9,2,N/A,
116.131.53.98,10,1,N/A,
120.237.206.76,10,2,N/A,
121.18.89.178,9,2,N/A,
123.160.237.18,11,2,N/A,
125.71.200.138,13,1,N/A,
134.122.30.157,17,1,N/A,
138.68.208.16,9,1,N/A,
141.98.10.75,23,2,N/A,
147.182.154.58,12,1,N/A,
159.203.192.10,10,1,N/A,
159.203.44.105,17,0,N/A,
159.65.219.198,9,2,N/A,
159.89.152.113,5,2,N/A,
161.35.190.246,11,0,N/A,
162.243.136.24,10,1,N/A,
162.243.139.21,10,1,N/A,
162.243.142.25,9,1,N/A,
162.243.145.23,10,1,N/A,
162.243.146.19,12,1,N/A,
162.243.146.35,9,1,N/A,
162.243.147.16,11,1,N/A,
162.243.150.15,6,1,N/A,
165.227.37.251,6,1,N/A,
167.172.89.248,10,0,N/A,
176.8.237.192,8,2,N/A,
178.20.55.16,13,3,N/A,
179.43.140.246,4,1,N/A,
179.43.163.132,15,2,N/A,
183.99.10.44,6,1,N/A,
185.194.142.90,8,2,N/A,
192.155.88.231,11,0,N/A,
192.155.90.220,14,2,N/A,
192.241.192.13,11,1,N/A,
192.241.192.26,9,1,N/A,
192.241.198.37,6,1,N/A,
192.241.203.14,8,1,N/A,
192.241.203.43,7,2,N/A,
192.241.204.66,11,2,N/A,
192.241.206.6,9,1,N/A,
192.241.207.8,9,1,N/A,
192.241.210.43,9,2,N/A,
192.241.211.53,12,1,N/A,
192.241.213.57,10,1,N/A,
192.241.213.74,8,1,N/A,
192.241.214.12,13,1,N/A,
192.241.216.15,10,1,N/A,
192.241.221.22,13,1,N/A,
192.241.222.7,10,1,N/A,
192.241.226.43,8,1,N/A,
192.241.230.17,13,1,N/A,
192.241.230.18,8,1,N/A,
192.241.231.32,11,1,N/A,
192.241.232.27,6,1,N/A,
192.241.234.7,11,1,N/A,
192.241.239.13,6,1,N/A,
192.42.116.217,8,1,N/A,
192.99.62.110,11,1,N/A,
193.32.162.189,17,3,N/A,
193.32.162.190,11,1,N/A,
193.35.18.231,11,0,N/A,
194.55.224.203,20,1,N/A,
195.96.137.9,10,2,N/A,
198.199.94.50,11,1,N/A,
198.199.96.32,11,1,N/A,
198.74.56.46,11,1,N/A,
