IP,Detected,Suspicious,Engines_Detected,Country
31.24.200.23,11,1,N/A,IR
31.125.126.244,12,1,N/A,GB
186.4.235.4,10,1,N/A,EC
186.10.86.130,11,1,N/A,CL
186.28.2.115,6,2,N/A,CO
186.67.248.8,11,1,N/A,CL
186.125.27.81,10,1,N/A,AR
187.191.99.99,9,1,N/A,BR
187.243.248.114,11,1,N/A,MX
188.166.95.44,9,1,N/A,NL
188.166.155.210,10,1,N/A,GB
188.173.136.132,11,1,N/A,RO
189.51.122.94,10,1,N/A,BR
190.29.27.21,10,1,N/A,CO
190.64.68.178,13,1,N/A,UY
190.104.135.18,11,1,N/A,PY
190.145.81.37,9,2,N/A,CO
190.181.15.3,11,1,N/A,BO
192.241.171.230,11,1,N/A,US
193.36.85.125,10,1,N/A,DE
193.123.83.95,9,1,N/A,AE
194.93.25.163,11,1,N/A,UZ
194.152.206.17,12,2,N/A,HR
196.117.204.204,10,1,N/A,MA
196.191.116.209,10,1,N/A,ET
197.5.145.8,9,1,N/A,TN
197.26.19.193,10,3,N/A,TN
198.12.85.154,11,1,N/A,US
198.245.55.117,11,1,N/A,CA
199.182.233.43,6,2,N/A,AU
200.122.249.203,13,1,N/A,CO
200.137.6.18,12,1,N/A,BR
201.44.2.4,11,1,N/A,BR
201.131.212.19,11,1,N/A,BR
201.149.49.146,11,1,N/A,MX
201.221.101.96,11,1,N/A,AR
202.52.50.234,9,1,N/A,ID
202.57.13.26,11,1,N/A,ID
202.83.17.160,12,2,N/A,IN
203.186.102.230,11,1,N/A,HK
203.205.21.121,7,1,N/A,VN
203.205.37.224,10,1,N/A,VN
206.189.10.66,14,1,N/A,NL
206.189.140.37,13,1,N/A,IN
207.154.211.36,11,1,N/A,DE
210.17.230.213,10,2,N/A,HK
210.183.21.48,15,1,N/A,KR
210.211.116.80,13,2,N/A,VN
212.90.103.102,5,2,N/A,DE
213.27.189.252,11,1,N/A,ES
213.207.44.86,7,1,N/A,AL
213.230.124.230,11,1,N/A,UZ
218.147.131.59,12,1,N/A,KR
218.154.31.185,17,1,N/A,KR
220.118.147.50,10,1,N/A,KR
221.156.126.1,10,2,N/A,KR
223.178.85.194,10,2,N/A,IN
1.234.2.91,10,2,N/A,KR
4.240.48.155,8,2,N/A,IN
8.208.13.202,9,1,N/A,GB
8.213.23.69,10,1,N/A,SA
8.219.53.181,9,1,N/A,SG
8.219.179.36,3,2,N/A,SG
13.90.16.70,9,1,N/A,US
14.225.192.13,12,1,N/A,VN
15.235.197.87,12,1,N/A,SG
20.104.91.36,11,1,N/A,CA
20.123.111.79,10,1,N/A,IE
20.141.64.165,9,1,N/A,US
20.193.148.6,8,1,N/A,IN
20.194.39.67,8,1,N/A,KR
20.235.121.96,10,1,N/A,IN
23.95.90.184,12,1,N/A,US
23.97.195.150,9,1,N/A,NL
23.224.189.178,6,2,N/A,US
24.69.190.84,11,1,N/A,CA
27.131.36.170,11,1,N/A,MY
27.254.149.199,10,1,N/A,TH
34.100.239.202,9,1,N/A,IN
34.148.191.34,10,1,N/A,US
35.194.181.153,8,1,N/A,TW
35.199.56.78,12,1,N/A,US
36.67.197.52,10,1,N/A,ID
36.91.159.82,9,2,N/A,ID
37.17.180.202,10,1,N/A,KZ
37.139.4.138,11,1,N/A,NL
37.139.15.214,11,1,N/A,NL
37.157.220.156,10,1,N/A,AM
40.76.205.168,9,1,N/A,US
41.33.118.92,10,1,N/A,EG
41.57.134.100,6,1,N/A,ZA
41.63.1.43,9,2,N/A,ZM
41.73.252.229,8,1,N/A,NG
41.93.49.4,12,1,N/A,TZ
41.95.192.72,11,1,N/A,SD
41.138.100.61,11,2,N/A,BF
41.169.26.227,10,1,N/A,ZA
41.223.99.89,11,1,N/A,MR
42.200.155.72,12,1,N/A,HK
43.129.253.251,9,2,N/A,HK
43.131.35.111,10,2,N/A,DE
43.131.59.246,10,1,N/A,DE
43.131.254.249,11,1,N/A,KR
43.134.59.181,12,1,N/A,SG
43.134.162.181,11,1,N/A,SG
43.134.173.146,11,1,N/A,SG
43.134.185.27,11,1,N/A,SG
43.134.209.231,10,1,N/A,HK
43.134.231.58,10,1,N/A,SG
43.134.237.73,11,1,N/A,SG
43.134.239.49,9,1,N/A,SG
43.135.35.220,11,1,N/A,HK
43.135.38.13,11,1,N/A,HK
43.153.38.186,10,2,N/A,US
43.153.57.123,12,1,N/A,US
43.153.59.10,10,1,N/A,US
43.153.184.88,7,1,N/A,JP
43.153.195.224,12,2,N/A,SG
43.153.219.123,11,1,N/A,SG
43.153.226.222,12,1,N/A,SG
43.154.48.221,10,1,N/A,HK
43.154.92.166,11,2,N/A,HK
43.154.94.87,9,1,N/A,HK
43.154.102.160,11,1,N/A,HK
43.154.145.254,10,1,N/A,HK
43.154.162.100,11,1,N/A,HK
43.154.183.72,11,1,N/A,HK
43.155.105.15,11,1,N/A,HK
43.155.112.3,11,1,N/A,HK
43.155.184.226,11,1,N/A,KR
43.156.46.179,10,1,N/A,SG
43.156.66.5,10,2,N/A,SG
43.156.99.115,13,1,N/A,SG
43.156.227.175,10,1,N/A,SG
43.156.231.205,12,2,N/A,SG
43.156.233.134,7,2,N/A,SG
43.159.59.97,12,2,N/A,SG
43.224.155.244,11,1,N/A,SG
43.230.159.89,6,2,N/A,IN
45.55.134.67,11,1,N/A,US
45.64.186.137,8,2,N/A,TH
45.95.242.19,11,1,N/A,MM
45.159.209.112,12,2,N/A,US
45.161.176.1,12,1,N/A,BR
45.172.225.18,8,1,N/A,AR
45.186.121.170,12,1,N/A,BR
45.236.244.130,11,1,N/A,PY
45.240.88.148,10,1,N/A,EG
46.101.5.100,11,1,N/A,GB
46.101.146.252,11,1,N/A,DE
47.47.191.114,3,0,N/A,US
47.90.254.219,4,2,N/A,US
47.236.17.196,11,1,N/A,SG
47.236.25.213,10,2,N/A,SG
47.236.28.186,10,1,N/A,SG
47.243.102.241,3,2,N/A,HK
47.245.99.225,5,2,N/A,SG
49.0.71.48,11,1,N/A,TH
49.204.233.193,11,2,N/A,IN
49.231.192.36,10,1,N/A,TH
49.231.241.23,11,1,N/A,TH
49.236.203.203,10,1,N/A,MY
50.193.220.21,10,1,N/A,US
50.221.60.106,11,1,N/A,US
51.7.93.216,11,1,N/A,GB
51.77.185.70,11,1,N/A,FR
52.153.113.155,9,1,N/A,US
52.170.156.248,6,1,N/A,US
52.178.155.67,9,1,N/A,IE
58.27.95.2,14,1,N/A,MY
59.1.178.195,13,1,N/A,KR
59.3.76.218,11,1,N/A,KR
59.173.19.11,12,2,N/A,CN
61.2.241.214,11,1,N/A,IN
61.7.147.42,9,1,N/A,TH
64.226.113.231,6,3,N/A,DE
64.227.145.58,9,1,N/A,IN
64.227.150.10,10,1,N/A,IN
65.2.105.215,9,1,N/A,IN
67.205.174.220,11,1,N/A,US
67.216.202.238,9,1,N/A,US
68.183.95.193,11,1,N/A,IN
68.183.145.59,12,1,N/A,US
68.183.170.149,10,1,N/A,US
68.183.232.27,10,1,N/A,SG
72.167.47.82,11,1,N/A,US
72.240.125.133,10,1,N/A,US
73.243.16.62,11,2,N/A,US
77.37.168.42,12,1,N/A,RU
77.85.216.134,12,1,N/A,BG
77.91.87.98,9,1,N/A,SE
81.192.46.38,10,1,N/A,MA
82.165.239.97,9,2,N/A,DE
82.196.5.221,15,1,N/A,NL
84.52.103.234,7,1,N/A,RU
84.54.115.115,11,1,N/A,UZ
84.110.103.166,10,1,N/A,IL
85.192.133.13,11,1,N/A,RU
87.255.193.50,9,0,N/A,KZ
88.87.89.202,11,1,N/A,RU
93.179.113.144,12,1,N/A,US
93.189.11.246,12,1,N/A,RU
93.205.142.9,7,2,N/A,DE
94.232.46.208,10,1,N/A,RU
95.106.164.28,4,3,N/A,RU
96.67.59.65,11,1,N/A,US
96.84.198.29,10,1,N/A,US
101.36.108.106,10,1,N/A,HK
101.128.68.195,11,2,N/A,ID
101.255.87.178,10,1,N/A,ID
103.17.140.44,7,2,N/A,VN
103.26.136.173,15,1,N/A,BD
103.67.165.114,10,1,N/A,PH
103.109.161.53,10,2,N/A,ID
103.111.118.84,10,2,N/A,ID
103.121.197.83,11,1,N/A,ID
103.133.57.242,12,1,N/A,IN
103.144.247.252,11,1,N/A,HK
103.149.74.237,9,2,N/A,BD
103.175.189.174,11,1,N/A,ID
103.176.96.68,11,1,N/A,ID
103.176.96.75,12,1,N/A,ID
103.177.212.2,10,2,N/A,ID
103.179.57.14,11,1,N/A,ID
103.213.96.7,12,2,N/A,CN
103.224.36.226,11,1,N/A,IN
103.236.176.236,8,2,N/A,PH
103.237.145.23,11,1,N/A,VN
103.250.11.146,10,1,N/A,ID
104.131.13.185,12,1,N/A,US
104.131.55.236,12,1,N/A,US
104.131.164.24,9,1,N/A,US
104.248.138.141,10,1,N/A,DE
104.248.242.140,11,1,N/A,DE
107.170.76.103,11,1,N/A,US
107.170.101.163,11,1,N/A,US
107.173.209.238,11,1,N/A,US
107.189.31.70,11,1,N/A,LU
109.167.197.20,10,1,N/A,RU
109.195.242.57,13,1,N/A,RU
111.93.74.158,10,1,N/A,IN
112.137.140.40,11,1,N/A,VN
112.161.214.48,9,2,N/A,KR
112.169.120.117,8,2,N/A,KR
115.92.154.45,9,1,N/A,KR
117.131.215.49,9,1,N/A,CN
117.202.18.5,15,2,N/A,IN
117.216.211.19,11,1,N/A,IN
118.27.9.23,11,1,N/A,JP
118.34.14.126,15,2,N/A,KR
119.4.250.94,9,1,N/A,CN
